classifier,split,repeat,fold,panel,panel_label,panel_size,balanced_accuracy,macro_f1,accuracy,fit_seconds
RF,0,0,0,EMPTY,Baseline,0,0.2,0.1293532338308458,0.47794117647058826,0.0
RF,0,0,0,mutations,Mutations,1,0.35995684539864065,0.3108652482269504,0.5808823529411765,7.42043924331665
RF,0,0,0,cnv,CNV,1,0.4204693062897832,0.47157935856869404,0.6029411764705882,4.193605899810791
RF,0,0,0,mrna,mRNA,1,0.578975078217715,0.5873222667625998,0.7720588235294118,5.078877925872803
RF,0,0,0,rppa,RPPA,1,0.5240479016075089,0.533702302112898,0.7132352941176471,3.9930033683776855
RF,0,0,0,mutations+cnv,Mutations+CNV,2,0.42535872262379976,0.4247876230661041,0.625,5.089310169219971
RF,0,0,0,mutations+mrna,Mutations+mRNA,2,0.5596202395080375,0.5688167612570942,0.75,5.504466533660889
RF,0,0,0,mutations+rppa,Mutations+RPPA,2,0.48990398101197535,0.5002173444628688,0.6985294117647058,3.562317371368408
RF,0,0,0,cnv+mrna,CNV+mRNA,2,0.693229043046715,0.7410501860698913,0.7941176470588235,2.545649766921997
RF,0,0,0,cnv+rppa,CNV+RPPA,2,0.5619775596072931,0.6115658585535405,0.7132352941176471,2.5348246097564697
RF,0,0,0,mrna+rppa,mRNA+RPPA,2,0.5560081993742583,0.5652818532818532,0.7573529411764706,2.7099032402038574
RF,0,0,0,mutations+cnv+mrna,Mutations+CNV+mRNA,3,0.6180181249325709,0.6672774881405289,0.7720588235294118,4.885932922363281
RF,0,0,0,mutations+cnv+rppa,Mutations+CNV+RPPA,3,0.5239238321286006,0.5616145945557711,0.6838235294117647,2.7984488010406494
RF,0,0,0,mutations+mrna+rppa,Mutations+mRNA+RPPA,3,0.5215060955874421,0.5292315249762058,0.7205882352941176,2.880366086959839
RF,0,0,0,cnv+mrna+rppa,CNV+mRNA+RPPA,3,0.6149412018556479,0.6639939734282975,0.7647058823529411,2.847158670425415
RF,0,0,0,mutations+cnv+mrna+rppa,Mutations+CNV+mRNA+RPPA,4,0.5366533606645809,0.5559717717892411,0.7352941176470589,4.890631914138794
XGB,0,0,0,EMPTY,Baseline,0,0.2,0.1293532338308458,0.47794117647058826,0.0
XGB,0,0,0,mutations,Mutations,1,0.38555291832991695,0.41300383996036166,0.5514705882352942,7.078043222427368
XGB,0,0,0,cnv,CNV,1,0.513773869888877,0.5519208981357504,0.6544117647058824,9.875831127166748
XGB,0,0,0,mrna,mRNA,1,0.7137145323120078,0.7147614331090543,0.7867647058823529,4.614499568939209
XGB,0,0,0,rppa,RPPA,1,0.6032290430467149,0.6107904817828482,0.6911764705882353,9.113765239715576
XGB,0,0,0,mutations+cnv,Mutations+CNV,2,0.5345398640630058,0.5614090861697993,0.6691176470588235,15.707329750061035
XGB,0,0,0,mutations+mrna,Mutations+mRNA,2,0.7198683784658539,0.7479447954650811,0.8014705882352942,12.820254802703857
XGB,0,0,0,mutations+rppa,Mutations+RPPA,2,0.5856003883914123,0.5893348098929494,0.6838235294117647,13.671549558639526
XGB,0,0,0,cnv+mrna,CNV+mRNA,2,0.7448419462725212,0.7784108808917969,0.8235294117647058,9.893284559249878
XGB,0,0,0,cnv+rppa,CNV+RPPA,2,0.6225838817563922,0.635076017428386,0.7426470588235294,14.059211492538452
XGB,0,0,0,mrna+rppa,mRNA+RPPA,2,0.7162563383320746,0.748045956657391,0.8088235294117647,12.60521674156189
XGB,0,0,0,mutations+cnv+mrna,Mutations+CNV+mRNA,3,0.7353134102923724,0.7690082394280867,0.8088235294117647,17.227400541305542
XGB,0,0,0,mutations+cnv+rppa,Mutations+CNV+RPPA,3,0.588975078217715,0.5982191818642788,0.7132352941176471,28.226421117782593
XGB,0,0,0,mutations+mrna+rppa,Mutations+mRNA+RPPA,3,0.7131794152551516,0.7450608820305253,0.8014705882352942,16.95476269721985
XGB,0,0,0,cnv+mrna+rppa,CNV+mRNA+RPPA,3,0.7162563383320746,0.7520747018204645,0.8088235294117647,16.458893537521362
XGB,0,0,0,mutations+cnv+mrna+rppa,Mutations+CNV+mRNA+RPPA,4,0.7196310281583773,0.7538076749250173,0.8088235294117647,23.947651863098145
SVM,0,0,0,EMPTY,Baseline,0,0.2,0.1293532338308458,0.47794117647058826,0.0
SVM,0,0,0,mutations,Mutations,1,0.37782285036141977,0.3416608594657375,0.5514705882352942,0.03412318229675293
SVM,0,0,0,cnv,CNV,1,0.6014133131945194,0.5384020706063173,0.5882352941176471,0.024129867553710938
SVM,0,0,0,mrna,mRNA,1,0.8331934405005935,0.8233849195580539,0.8529411764705882,0.016766071319580078
SVM,0,0,0,rppa,RPPA,1,0.6218750674290646,0.6133043181430279,0.7352941176470589,0.021509885787963867
SVM,0,0,0,mutations+cnv,Mutations+CNV,2,0.6044902362714424,0.5446075663466968,0.5955882352941176,0.033529043197631836
SVM,0,0,0,mutations+mrna,Mutations+mRNA,2,0.8331934405005935,0.8233849195580539,0.8529411764705882,0.020979881286621094
SVM,0,0,0,mutations+rppa,Mutations+RPPA,2,0.6249519905059877,0.6152656084656084,0.7426470588235294,0.027612924575805664
SVM,0,0,0,cnv+mrna,CNV+mRNA,2,0.8202902146941418,0.7678050809274599,0.8088235294117647,0.02553868293762207
SVM,0,0,0,cnv+rppa,CNV+RPPA,2,0.6193397345992017,0.5658736099310309,0.6176470588235294,0.030339479446411133
SVM,0,0,0,mrna+rppa,mRNA+RPPA,2,0.8331934405005935,0.8233849195580539,0.8529411764705882,0.02087712287902832
SVM,0,0,0,mutations+cnv+mrna,Mutations+CNV+mRNA,3,0.8202902146941418,0.7678050809274599,0.8088235294117647,0.032414913177490234
SVM,0,0,0,mutations+cnv+rppa,Mutations+CNV+RPPA,3,0.6224166576761248,0.5725780599038467,0.625,0.038144826889038086
SVM,0,0,0,mutations+mrna+rppa,Mutations+mRNA+RPPA,3,0.8331934405005935,0.8233849195580539,0.8529411764705882,0.025092363357543945
SVM,0,0,0,cnv+mrna+rppa,CNV+mRNA+RPPA,3,0.8202902146941418,0.7678050809274599,0.8088235294117647,0.03213000297546387
SVM,0,0,0,mutations+cnv+mrna+rppa,Mutations+CNV+mRNA+RPPA,4,0.8202902146941418,0.7678050809274599,0.8088235294117647,0.0423130989074707
RF,1,0,1,EMPTY,Baseline,0,0.2,0.1293532338308458,0.47794117647058826,0.0
RF,1,0,1,mutations,Mutations,1,0.35126119322472754,0.2995600698712557,0.5735294117647058,2.1893389225006104
RF,1,0,1,cnv,CNV,1,0.5166134426583234,0.551604621309371,0.6691176470588235,2.0727744102478027
RF,1,0,1,mrna,mRNA,1,0.6209817671809257,0.645010101010101,0.8161764705882353,2.0703372955322266
RF,1,0,1,rppa,RPPA,1,0.45849606214262595,0.4668777457960915,0.6985294117647058,2.476755142211914
RF,1,0,1,mutations+cnv,Mutations+CNV,2,0.41960945085769763,0.40364238410596026,0.6323529411764706,4.433993816375732
RF,1,0,1,mutations+mrna,Mutations+mRNA,2,0.5999784226993203,0.6290885690885691,0.7794117647058824,2.5879838466644287
RF,1,0,1,mutations+rppa,Mutations+RPPA,2,0.4208005178552163,0.3980367492909113,0.6617647058823529,2.5683436393737793
RF,1,0,1,cnv+mrna,CNV+mRNA,2,0.6709817671809257,0.7288307140772854,0.8235294117647058,2.5698256492614746
RF,1,0,1,cnv+rppa,CNV+RPPA,2,0.49689071097205745,0.5034754433076633,0.7205882352941176,3.407407283782959
RF,1,0,1,mrna+rppa,mRNA+RPPA,2,0.6047038515481714,0.6258424699737211,0.8014705882352942,3.832958459854126
RF,1,0,1,mutations+cnv+mrna,Mutations+CNV+mRNA,3,0.6614532312007768,0.7156278138670558,0.8088235294117647,2.8375351428985596
RF,1,0,1,mutations+cnv+rppa,Mutations+CNV+RPPA,3,0.4947070881432733,0.49695408734602464,0.7205882352941176,2.843209743499756
RF,1,0,1,mutations+mrna+rppa,Mutations+mRNA+RPPA,3,0.5831653900097098,0.6091919191919193,0.7794117647058824,2.9320788383483887
RF,1,0,1,cnv+mrna+rppa,CNV+mRNA+RPPA,3,0.6022224619700076,0.6294357743097239,0.8088235294117647,5.052194118499756
RF,1,0,1,mutations+cnv+mrna+rppa,Mutations+CNV+mRNA+RPPA,4,0.5773093106052433,0.6025381140598531,0.7867647058823529,3.157594919204712
XGB,1,0,1,EMPTY,Baseline,0,0.2,0.1293532338308458,0.47794117647058826,0.0
XGB,1,0,1,mutations,Mutations,1,0.4617002912935592,0.47223973913277817,0.5808823529411765,6.621665716171265
XGB,1,0,1,cnv,CNV,1,0.6230477937210055,0.596951871657754,0.6323529411764706,9.801309823989868
XGB,1,0,1,mrna,mRNA,1,0.706912288272737,0.7312746512746513,0.8529411764705882,4.675110816955566
XGB,1,0,1,rppa,RPPA,1,0.520750890063653,0.5300689058089614,0.7132352941176471,9.45242166519165
XGB,1,0,1,mutations+cnv,Mutations+CNV,2,0.6819279318157299,0.6608966924494875,0.7058823529411765,15.494826555252075
XGB,1,0,1,mutations+mrna,Mutations+mRNA,2,0.7276178660049627,0.7753869631567473,0.8676470588235294,13.04234790802002
XGB,1,0,1,mutations+rppa,Mutations+RPPA,2,0.5328212320638689,0.5332668965021906,0.75,17.353935956954956
XGB,1,0,1,cnv+mrna,CNV+mRNA,2,0.7587981443521415,0.763681368809919,0.8382352941176471,13.380775690078735
XGB,1,0,1,cnv+rppa,CNV+RPPA,2,0.6613464235624124,0.7068612546873416,0.7794117647058824,14.641548156738281
XGB,1,0,1,mrna+rppa,mRNA+RPPA,2,0.7152497572553673,0.7386928104575163,0.8382352941176471,12.992627143859863
XGB,1,0,1,mutations+cnv+mrna,Mutations+CNV+mRNA,3,0.7563167547739779,0.7665893141830548,0.8455882352941176,17.815579652786255
XGB,1,0,1,mutations+cnv+rppa,Mutations+CNV+RPPA,3,0.65465746035171,0.6608904431337753,0.75,19.816590309143066
XGB,1,0,1,mutations+mrna+rppa,Mutations+mRNA+RPPA,3,0.7239454094292804,0.7545881504422901,0.8455882352941176,20.783530235290527
XGB,1,0,1,cnv+mrna+rppa,CNV+mRNA+RPPA,3,0.7247782932355162,0.7518924133133236,0.8529411764705882,17.56335735321045
XGB,1,0,1,mutations+cnv+mrna+rppa,Mutations+CNV+mRNA+RPPA,4,0.7587981443521415,0.7707221746481348,0.8382352941176471,50.1434326171875
SVM,1,0,1,EMPTY,Baseline,0,0.2,0.1293532338308458,0.47794117647058826,0.0
SVM,1,0,1,mutations,Mutations,1,0.36859208113065056,0.3144609870416322,0.5588235294117647,0.03913617134094238
SVM,1,0,1,cnv,CNV,1,0.67465746035171,0.5597803150744327,0.6029411764705882,0.025145769119262695
SVM,1,0,1,mrna,mRNA,1,0.7911166253101738,0.786292735042735,0.875,0.01638031005859375
SVM,1,0,1,rppa,RPPA,1,0.5967245657568239,0.5874051667457156,0.7205882352941176,0.02463841438293457
SVM,1,0,1,mutations+cnv,Mutations+CNV,2,0.67465746035171,0.558344057448535,0.6029411764705882,0.031161069869995117
SVM,1,0,1,mutations+mrna,Mutations+mRNA,2,0.7441935483870968,0.7502884615384615,0.875,0.024381637573242188
SVM,1,0,1,mutations+rppa,Mutations+RPPA,2,0.6540090624662855,0.6470157237847525,0.7426470588235294,0.028704166412353516
SVM,1,0,1,cnv+mrna,CNV+mRNA,2,0.8223573200992556,0.7762143738614327,0.8161764705882353,0.025652170181274414
SVM,1,0,1,cnv+rppa,CNV+RPPA,2,0.6928816485057719,0.579818634856998,0.625,0.031035661697387695
SVM,1,0,1,mrna+rppa,mRNA+RPPA,2,0.7565012406947891,0.7585949612403101,0.875,0.020889997482299805
SVM,1,0,1,mutations+cnv+mrna,Mutations+CNV+mRNA,3,0.8285111662531017,0.7931658328496274,0.8308823529411765,0.03316640853881836
SVM,1,0,1,mutations+cnv+rppa,Mutations+CNV+RPPA,3,0.6928816485057719,0.579818634856998,0.625,0.06024909019470215
SVM,1,0,1,mutations+mrna+rppa,Mutations+mRNA+RPPA,3,0.7565012406947891,0.7585949612403101,0.875,0.03924107551574707
SVM,1,0,1,cnv+mrna+rppa,CNV+mRNA+RPPA,3,0.8285111662531017,0.7844732807299651,0.8308823529411765,0.04790449142456055
SVM,1,0,1,mutations+cnv+mrna+rppa,Mutations+CNV+mRNA+RPPA,4,0.8285111662531017,0.7844732807299651,0.8308823529411765,0.054082632064819336
RF,2,0,2,EMPTY,Baseline,0,0.2,0.12864321608040202,0.4740740740740741,0.0
RF,2,0,2,mutations,Mutations,1,0.3547715053763441,0.3068659476117103,0.5703703703703704,3.7954559326171875
RF,2,0,2,cnv,CNV,1,0.35546164185277085,0.3834236150025624,0.5407407407407407,2.5006024837493896
RF,2,0,2,mrna,mRNA,1,0.6337572373862697,0.6493102626636391,0.8148148148148148,2.1262199878692627
RF,2,0,2,rppa,RPPA,1,0.5385907775020679,0.5498412698412698,0.6962962962962963,2.173309803009033
RF,2,0,2,mutations+cnv,Mutations+CNV,2,0.41447218775847805,0.406065734608781,0.6222222222222222,2.5897083282470703
RF,2,0,2,mutations+mrna,Mutations+mRNA,2,0.5470119933829611,0.567456279809221,0.7481481481481481,3.818631172180176
RF,2,0,2,mutations+rppa,Mutations+RPPA,2,0.4879109801488834,0.4992371838687628,0.6888888888888889,3.4760582447052
RF,2,0,2,cnv+mrna,CNV+mRNA,2,0.5497389371381307,0.5659980579153511,0.7555555555555555,2.5564353466033936
RF,2,0,2,cnv+rppa,CNV+RPPA,2,0.5408808933002482,0.5719798323071277,0.7037037037037037,2.532360315322876
RF,2,0,2,mrna+rppa,mRNA+RPPA,2,0.5740126137303557,0.5919237260121439,0.7407407407407407,2.553739070892334
RF,2,0,2,mutations+cnv+mrna,Mutations+CNV+mRNA,3,0.5318289909015715,0.5540240334033327,0.7333333333333333,4.765279293060303
RF,2,0,2,mutations+cnv+rppa,Mutations+CNV+RPPA,3,0.4924808726220017,0.5172048961428544,0.6962962962962963,3.1125433444976807
RF,2,0,2,mutations+mrna+rppa,Mutations+mRNA+RPPA,3,0.5365901571546734,0.5575324180015256,0.725925925925926,2.8559181690216064
RF,2,0,2,cnv+mrna+rppa,CNV+mRNA+RPPA,3,0.5887975599669149,0.608324786950895,0.7555555555555555,2.7763192653656006
RF,2,0,2,mutations+cnv+mrna+rppa,Mutations+CNV+mRNA+RPPA,4,0.5713296112489661,0.5947180769541018,0.7555555555555555,4.260821342468262
XGB,2,0,2,EMPTY,Baseline,0,0.2,0.12864321608040202,0.4740740740740741,0.0
XGB,2,0,2,mutations,Mutations,1,0.34095585194375516,0.33507727432384965,0.5555555555555556,8.135475873947144
XGB,2,0,2,cnv,CNV,1,0.38579404466501244,0.4065721616293699,0.5185185185185185,10.022356748580933
XGB,2,0,2,mrna,mRNA,1,0.8900925351530191,0.8875343169838616,0.8518518518518519,4.958624601364136
XGB,2,0,2,rppa,RPPA,1,0.6174498552522747,0.6164569701398346,0.762962962962963,9.291773319244385
XGB,2,0,2,mutations+cnv,Mutations+CNV,2,0.4706110421836228,0.47099005662788,0.6296296296296297,15.591033220291138
XGB,2,0,2,mutations+mrna,Mutations+mRNA,2,0.7862050248138958,0.820125968992248,0.8222222222222222,13.363882303237915
XGB,2,0,2,mutations+rppa,Mutations+RPPA,2,0.6672870140612076,0.7057871977350734,0.762962962962963,14.637808084487915
XGB,2,0,2,cnv+mrna,CNV+mRNA,2,0.8234258684863525,0.8234258684863525,0.8444444444444444,10.276450634002686
XGB,2,0,2,cnv+rppa,CNV+RPPA,2,0.6809863523573202,0.6908540330692028,0.7407407407407407,13.626472234725952
XGB,2,0,2,mrna+rppa,mRNA+RPPA,2,0.8905345326716295,0.8969478772593525,0.8740740740740741,12.997118949890137
XGB,2,0,2,mutations+cnv+mrna,Mutations+CNV+mRNA,3,0.7893300248138957,0.8222133319829172,0.8296296296296296,21.281234741210938
XGB,2,0,2,mutations+cnv+rppa,Mutations+CNV+RPPA,3,0.694533188585608,0.7288993852151747,0.7703703703703704,19.363921880722046
XGB,2,0,2,mutations+mrna+rppa,Mutations+mRNA+RPPA,3,0.8084832506203474,0.8438196667487482,0.8592592592592593,18.06031322479248
XGB,2,0,2,cnv+mrna+rppa,CNV+mRNA+RPPA,3,0.8109646401985111,0.8444756382481626,0.8518518518518519,21.128678560256958
XGB,2,0,2,mutations+cnv+mrna+rppa,Mutations+CNV+mRNA+RPPA,4,0.7982630272952853,0.8306969696969697,0.8296296296296296,21.679256677627563
SVM,2,0,2,EMPTY,Baseline,0,0.2,0.12864321608040202,0.4740740740740741,0.0
SVM,2,0,2,mutations,Mutations,1,0.40946029776674936,0.37735376093263434,0.5925925925925926,0.036713600158691406
SVM,2,0,2,cnv,CNV,1,0.6889267990074441,0.5595480764441116,0.5925925925925926,0.025034427642822266
SVM,2,0,2,mrna,mRNA,1,0.9038409842845327,0.8977735610617621,0.8740740740740741,0.016757965087890625
SVM,2,0,2,rppa,RPPA,1,0.6457376964433416,0.6304119286023299,0.7481481481481481,0.02144312858581543
SVM,2,0,2,mutations+cnv,Mutations+CNV,2,0.6889267990074441,0.5595480764441116,0.5925925925925926,0.030263900756835938
SVM,2,0,2,mutations+mrna,Mutations+mRNA,2,0.9038409842845327,0.8977735610617621,0.8740740740740741,0.0215604305267334
SVM,2,0,2,mutations+rppa,Mutations+RPPA,2,0.6488626964433416,0.6300782758225381,0.7555555555555555,0.028900623321533203
SVM,2,0,2,cnv+mrna,CNV+mRNA,2,0.8913022125723739,0.8037592962051289,0.8074074074074075,0.027167081832885742
SVM,2,0,2,cnv+rppa,CNV+RPPA,2,0.7166149710504549,0.5915152211938802,0.6222222222222222,0.0304257869720459
SVM,2,0,2,mrna+rppa,mRNA+RPPA,2,0.9069659842845328,0.9018250580647269,0.8814814814814815,0.02152085304260254
SVM,2,0,2,mutations+cnv+mrna,Mutations+CNV+mRNA,3,0.8913022125723739,0.8037592962051289,0.8074074074074075,0.031128883361816406
SVM,2,0,2,mutations+cnv+rppa,Mutations+CNV+RPPA,3,0.7166149710504549,0.5937855487140412,0.6222222222222222,0.042120933532714844
SVM,2,0,2,mutations+mrna+rppa,Mutations+mRNA+RPPA,3,0.9069659842845328,0.9018250580647269,0.8814814814814815,0.0256345272064209
SVM,2,0,2,cnv+mrna+rppa,CNV+mRNA+RPPA,3,0.8881772125723739,0.7996518847582677,0.8,0.03081822395324707
SVM,2,0,2,mutations+cnv+mrna+rppa,Mutations+CNV+mRNA+RPPA,4,0.8881772125723739,0.7996518847582677,0.8,0.03751397132873535
RF,3,0,3,EMPTY,Baseline,0,0.2,0.12864321608040202,0.4740740740740741,0.0
RF,3,0,3,mutations,Mutations,1,0.363125,0.313574022644734,0.5925925925925926,2.22063946723938
RF,3,0,3,cnv,CNV,1,0.4348397435897436,0.46031963470319637,0.6074074074074074,3.5157835483551025
RF,3,0,3,mrna,mRNA,1,0.6075160256410256,0.6278617924902755,0.8222222222222222,2.726961135864258
RF,3,0,3,rppa,RPPA,1,0.49341346153846155,0.528163768652115,0.725925925925926,2.148916244506836
RF,3,0,3,mutations+cnv,Mutations+CNV,2,0.4328205128205128,0.4316308544569415,0.6370370370370371,2.6054790019989014
RF,3,0,3,mutations+mrna,Mutations+mRNA,2,0.5184455128205128,0.5320481532745683,0.7481481481481481,2.5875749588012695
RF,3,0,3,mutations+rppa,Mutations+RPPA,2,0.4116346153846154,0.401335900397895,0.6444444444444445,3.949854612350464
RF,3,0,3,cnv+mrna,CNV+mRNA,2,0.645673076923077,0.6992365835222978,0.8222222222222222,3.300187110900879
RF,3,0,3,cnv+rppa,CNV+RPPA,2,0.5442147435897435,0.6116533895378606,0.7185185185185186,2.555659055709839
RF,3,0,3,mrna+rppa,mRNA+RPPA,2,0.6260256410256411,0.6489438810006762,0.837037037037037,2.5476319789886475
RF,3,0,3,mutations+cnv+mrna,Mutations+CNV+mRNA,3,0.5811217948717948,0.6314721444133209,0.7481481481481481,2.9427266120910645
RF,3,0,3,mutations+cnv+rppa,Mutations+CNV+RPPA,3,0.4316346153846154,0.4276739828006674,0.6666666666666666,4.953392267227173
RF,3,0,3,mutations+mrna+rppa,Mutations+mRNA+RPPA,3,0.5883173076923077,0.6111232876712329,0.7851851851851852,4.161422967910767
RF,3,0,3,cnv+mrna+rppa,CNV+mRNA+RPPA,3,0.6583173076923077,0.7097903861308117,0.8148148148148148,2.8220572471618652
RF,3,0,3,mutations+cnv+mrna+rppa,Mutations+CNV+mRNA+RPPA,4,0.6008814102564102,0.6507834183901872,0.7703703703703704,3.5398411750793457
XGB,3,0,3,EMPTY,Baseline,0,0.2,0.12864321608040202,0.4740740740740741,0.0
XGB,3,0,3,mutations,Mutations,1,0.3512179487179487,0.33139181286549707,0.5555555555555556,9.338244676589966
XGB,3,0,3,cnv,CNV,1,0.4477884615384616,0.4482423129957128,0.5925925925925926,10.001546144485474
XGB,3,0,3,mrna,mRNA,1,0.7737019230769231,0.8120241173712065,0.8814814814814815,4.787355184555054
XGB,3,0,3,rppa,RPPA,1,0.5747435897435897,0.6015492309109332,0.7481481481481481,9.296961545944214
XGB,3,0,3,mutations+cnv,Mutations+CNV,2,0.4366025641025641,0.437697758529249,0.6370370370370371,15.540029048919678
XGB,3,0,3,mutations+mrna,Mutations+mRNA,2,0.7205769230769231,0.7592708874732654,0.8666666666666667,12.936376333236694
XGB,3,0,3,mutations+rppa,Mutations+RPPA,2,0.5135897435897436,0.5372165027072371,0.7111111111111111,15.065458297729492
XGB,3,0,3,cnv+mrna,CNV+mRNA,2,0.8076602564102565,0.8381643274758028,0.8592592592592593,9.530007123947144
XGB,3,0,3,cnv+rppa,CNV+RPPA,2,0.5840064102564103,0.623666515905322,0.7333333333333333,14.380536317825317
XGB,3,0,3,mrna+rppa,mRNA+RPPA,2,0.7472115384615384,0.7883494343694023,0.8962962962962963,12.891665935516357
XGB,3,0,3,mutations+cnv+mrna,Mutations+CNV+mRNA,3,0.8107852564102564,0.847930735930736,0.8666666666666667,47.08857011795044
XGB,3,0,3,mutations+cnv+rppa,Mutations+CNV+RPPA,3,0.5906730769230769,0.627396351575456,0.7407407407407407,60.92541527748108
XGB,3,0,3,mutations+mrna+rppa,Mutations+mRNA+RPPA,3,0.7307532051282051,0.7643161144638977,0.8740740740740741,36.039459228515625
XGB,3,0,3,cnv+mrna+rppa,CNV+mRNA+RPPA,3,0.7307532051282051,0.7734810179159859,0.8740740740740741,17.425506830215454
XGB,3,0,3,mutations+cnv+mrna+rppa,Mutations+CNV+mRNA+RPPA,4,0.7390865384615385,0.7804377802819493,0.8814814814814815,21.392241954803467
SVM,3,0,3,EMPTY,Baseline,0,0.2,0.12864321608040202,0.4740740740740741,0.0
SVM,3,0,3,mutations,Mutations,1,0.3613942307692308,0.32089916874297175,0.5555555555555556,0.03866004943847656
SVM,3,0,3,cnv,CNV,1,0.6525160256410256,0.52113350701586,0.562962962962963,0.0451357364654541
SVM,3,0,3,mrna,mRNA,1,0.8717628205128205,0.8651540691192865,0.9111111111111111,0.02827000617980957
SVM,3,0,3,rppa,RPPA,1,0.6975961538461539,0.729707630570558,0.8074074074074075,0.03502202033996582
SVM,3,0,3,mutations+cnv,Mutations+CNV,2,0.6556410256410257,0.5273487677371173,0.5703703703703704,0.04790782928466797
SVM,3,0,3,mutations+mrna,Mutations+mRNA,2,0.8748878205128205,0.8835223230875403,0.9185185185185185,0.030561208724975586
SVM,3,0,3,mutations+rppa,Mutations+RPPA,2,0.6878044871794872,0.7205935893954482,0.7925925925925926,0.043837785720825195
SVM,3,0,3,cnv+mrna,CNV+mRNA,2,0.8432211538461537,0.8307876242965037,0.8518518518518519,0.042818307876586914
SVM,3,0,3,cnv+rppa,CNV+RPPA,2,0.6398076923076923,0.5580574258688983,0.6148148148148148,0.044808149337768555
SVM,3,0,3,mrna+rppa,mRNA+RPPA,2,0.8780128205128206,0.8878894214310169,0.9259259259259259,0.031293392181396484
SVM,3,0,3,mutations+cnv+mrna,Mutations+CNV+mRNA,3,0.8432211538461537,0.8307876242965037,0.8518518518518519,0.04616737365722656
SVM,3,0,3,mutations+cnv+rppa,Mutations+CNV+RPPA,3,0.6398076923076923,0.5592945874001775,0.6148148148148148,0.052581071853637695
SVM,3,0,3,mutations+mrna+rppa,Mutations+mRNA+RPPA,3,0.8780128205128206,0.8878894214310169,0.9259259259259259,0.03750252723693848
SVM,3,0,3,cnv+mrna+rppa,CNV+mRNA+RPPA,3,0.8432211538461537,0.8307876242965037,0.8518518518518519,0.04495096206665039
SVM,3,0,3,mutations+cnv+mrna+rppa,Mutations+CNV+mRNA+RPPA,4,0.8432211538461537,0.8307876242965037,0.8518518518518519,0.05009055137634277
RF,4,0,4,EMPTY,Baseline,0,0.2,0.12864321608040202,0.4740740740740741,0.0
RF,4,0,4,mutations,Mutations,1,0.3324932795698925,0.27463926174496645,0.5703703703703704,3.7167060375213623
RF,4,0,4,cnv,CNV,1,0.3718077956989247,0.3808601692911524,0.5777777777777777,2.1634304523468018
RF,4,0,4,mrna,mRNA,1,0.6474126344086022,0.6429024943310658,0.8148148148148148,2.0977768898010254
RF,4,0,4,rppa,RPPA,1,0.6115927419354839,0.6019863945578232,0.7703703703703704,2.0834546089172363
RF,4,0,4,mutations+cnv,Mutations+CNV,2,0.4274529569892473,0.4185609448457746,0.6518518518518519,2.8946633338928223
RF,4,0,4,mutations+mrna,Mutations+mRNA,2,0.6019825268817205,0.6115421336654213,0.8,4.379265785217285
RF,4,0,4,mutations+rppa,Mutations+RPPA,2,0.5845094086021506,0.5926794475365904,0.762962962962963,2.922874689102173
RF,4,0,4,cnv+mrna,CNV+mRNA,2,0.5711693548387097,0.5816811594202899,0.7703703703703704,2.5103256702423096
RF,4,0,4,cnv+rppa,CNV+RPPA,2,0.5911626344086021,0.5941603076013013,0.7703703703703704,2.52130389213562
RF,4,0,4,mrna+rppa,mRNA+RPPA,2,0.6661290322580645,0.6774141414141415,0.8518518518518519,2.474121570587158
RF,4,0,4,mutations+cnv+mrna,Mutations+CNV+mRNA,3,0.5769825268817204,0.5949098297036934,0.7851851851851852,4.959863185882568
RF,4,0,4,mutations+cnv+rppa,Mutations+CNV+RPPA,3,0.5821908602150538,0.5944062731475569,0.7777777777777778,2.7207837104797363
RF,4,0,4,mutations+mrna+rppa,Mutations+mRNA+RPPA,3,0.6390793010752689,0.644981894050217,0.8074074074074075,2.762854814529419
RF,4,0,4,cnv+mrna+rppa,CNV+mRNA+RPPA,3,0.6334341397849462,0.6475959370049389,0.8222222222222222,2.7821993827819824
RF,4,0,4,mutations+cnv+mrna+rppa,Mutations+CNV+mRNA+RPPA,4,0.6584341397849462,0.6660734938653122,0.8296296296296296,4.704936265945435
XGB,4,0,4,EMPTY,Baseline,0,0.2,0.12864321608040202,0.4740740740740741,0.0
XGB,4,0,4,mutations,Mutations,1,0.2903897849462365,0.26828896799674123,0.4962962962962963,7.523225784301758
XGB,4,0,4,cnv,CNV,1,0.5384408602150538,0.5185110211426001,0.674074074074074,9.73072862625122
XGB,4,0,4,mrna,mRNA,1,0.7334005376344086,0.7422134017799652,0.8444444444444444,4.814911127090454
XGB,4,0,4,rppa,RPPA,1,0.6378024193548387,0.6223714063714063,0.7851851851851852,9.253171443939209
XGB,4,0,4,mutations+cnv,Mutations+CNV,2,0.4949260752688172,0.48167152673035024,0.6592592592592592,15.322481155395508
XGB,4,0,4,mutations+mrna,Mutations+mRNA,2,0.6800739247311828,0.6565021645021646,0.837037037037037,12.384620904922485
XGB,4,0,4,mutations+rppa,Mutations+RPPA,2,0.6359206989247312,0.6215046006624954,0.7925925925925926,15.610668182373047
XGB,4,0,4,cnv+mrna,CNV+mRNA,2,0.6467405913978495,0.6357432041642568,0.8222222222222222,9.624679803848267
XGB,4,0,4,cnv+rppa,CNV+RPPA,2,0.6498655913978494,0.6458796495078161,0.8222222222222222,33.6564576625824
XGB,4,0,4,mrna+rppa,mRNA+RPPA,2,0.723622311827957,0.7333531392354922,0.837037037037037,18.94543170928955
XGB,4,0,4,mutations+cnv+mrna,Mutations+CNV+mRNA,3,0.6434139784946236,0.6299016804091431,0.8222222222222222,17.904979467391968
XGB,4,0,4,mutations+cnv+rppa,Mutations+CNV+RPPA,3,0.6613239247311828,0.6528663101604278,0.837037037037037,22.554479598999023
XGB,4,0,4,mutations+mrna+rppa,Mutations+mRNA+RPPA,3,0.6702956989247312,0.6488212532110688,0.8296296296296296,17.916260480880737
XGB,4,0,4,cnv+mrna+rppa,CNV+mRNA+RPPA,3,0.7102822580645161,0.7110622710622712,0.8296296296296296,17.438177347183228
XGB,4,0,4,mutations+cnv+mrna+rppa,Mutations+CNV+mRNA+RPPA,4,0.6567540322580645,0.6419576538888414,0.8296296296296296,25.13292407989502
SVM,4,0,4,EMPTY,Baseline,0,0.2,0.12864321608040202,0.4740740740740741,0.0
SVM,4,0,4,mutations,Mutations,1,0.2883064516129032,0.28701923076923075,0.37777777777777777,0.028205156326293945
SVM,4,0,4,cnv,CNV,1,0.5607190860215054,0.5321845418619612,0.6370370370370371,0.02441883087158203
SVM,4,0,4,mrna,mRNA,1,0.7331653225806452,0.6885778688524591,0.8592592592592593,0.016695499420166016
SVM,4,0,4,rppa,RPPA,1,0.7009072580645161,0.6658195663121771,0.7555555555555555,0.022114992141723633
SVM,4,0,4,mutations+cnv,Mutations+CNV,2,0.5575940860215054,0.526299877356607,0.6296296296296297,0.033646583557128906
SVM,4,0,4,mutations+mrna,Mutations+mRNA,2,0.7267137096774194,0.6795475309108308,0.8518518518518519,0.02281951904296875
SVM,4,0,4,mutations+rppa,Mutations+RPPA,2,0.7104838709677419,0.6904758033328391,0.7703703703703704,0.03302955627441406
SVM,4,0,4,cnv+mrna,CNV+mRNA,2,0.6713037634408602,0.6336274948851013,0.7925925925925926,0.02842259407043457
SVM,4,0,4,cnv+rppa,CNV+RPPA,2,0.5934139784946236,0.5662325822325822,0.6666666666666666,0.033262014389038086
SVM,4,0,4,mrna+rppa,mRNA+RPPA,2,0.739616935483871,0.6938181818181818,0.8666666666666667,0.022727489471435547
SVM,4,0,4,mutations+cnv+mrna,Mutations+CNV+mRNA,3,0.6713037634408602,0.6336274948851013,0.7925925925925926,0.03181719779968262
SVM,4,0,4,mutations+cnv+rppa,Mutations+CNV+RPPA,3,0.5934139784946236,0.5656361416361417,0.6666666666666666,0.03816342353820801
SVM,4,0,4,mutations+mrna+rppa,Mutations+mRNA+RPPA,3,0.739616935483871,0.6938181818181818,0.8666666666666667,0.025444507598876953
SVM,4,0,4,cnv+mrna+rppa,CNV+mRNA+RPPA,3,0.6713037634408602,0.6336274948851013,0.7925925925925926,0.042688846588134766
SVM,4,0,4,mutations+cnv+mrna+rppa,Mutations+CNV+mRNA+RPPA,4,0.6713037634408602,0.6336274948851013,0.7925925925925926,0.03778409957885742
RF,5,1,0,EMPTY,Baseline,0,0.2,0.1293532338308458,0.47794117647058826,0.0
RF,5,1,0,mutations,Mutations,1,0.348421620455281,0.3103518549023095,0.5588235294117647,2.285004138946533
RF,5,1,0,cnv,CNV,1,0.4473891466177581,0.4853631902688507,0.6029411764705882,2.188878059387207
RF,5,1,0,mrna,mRNA,1,0.6326335095479556,0.630031746031746,0.8014705882352942,2.126737117767334
RF,5,1,0,rppa,RPPA,1,0.5396698672996009,0.5511556014810988,0.7426470588235294,2.9652092456817627
RF,5,1,0,mutations+cnv,Mutations+CNV,2,0.42861257956629634,0.45399705557600295,0.5955882352941176,4.081507444381714
RF,5,1,0,mutations+mrna,Mutations+mRNA,2,0.6021620455281045,0.6084619775054557,0.7794117647058824,2.599332094192505
RF,5,1,0,mutations+rppa,Mutations+RPPA,2,0.44759952529938507,0.4419956354634877,0.6617647058823529,2.6328368186950684
RF,5,1,0,cnv+mrna,CNV+mRNA,2,0.6217369727047146,0.6251684027344109,0.7941176470588235,2.495695114135742
RF,5,1,0,cnv+rppa,CNV+RPPA,2,0.5279577084906679,0.5469649027095835,0.7279411764705882,3.619513511657715
RF,5,1,0,mrna+rppa,mRNA+RPPA,2,0.6354730823174022,0.6452289087244457,0.8161764705882353,3.58417010307312
RF,5,1,0,mutations+cnv+mrna,Mutations+CNV+mRNA,3,0.6262423130866329,0.6370103289066591,0.7941176470588235,2.8382513523101807
RF,5,1,0,mutations+cnv+rppa,Mutations+CNV+RPPA,3,0.4767202502966879,0.49049125026354623,0.6911764705882353,2.8851733207702637
RF,5,1,0,mutations+mrna+rppa,Mutations+mRNA+RPPA,3,0.6178444276620995,0.6324537005838351,0.8088235294117647,2.892892837524414
RF,5,1,0,cnv+mrna+rppa,CNV+mRNA+RPPA,3,0.622332506203474,0.6335112909320166,0.8088235294117647,4.899935245513916
RF,5,1,0,mutations+cnv+mrna+rppa,Mutations+CNV+mRNA+RPPA,4,0.6197907001834071,0.629872340425532,0.7867647058823529,3.122947931289673
XGB,5,1,0,EMPTY,Baseline,0,0.2,0.1293532338308458,0.47794117647058826,0.0
XGB,5,1,0,mutations,Mutations,1,0.3939939583558097,0.39737143485610316,0.5367647058823529,12.21150517463684
XGB,5,1,0,cnv,CNV,1,0.5096267126982414,0.5358577652398314,0.6176470588235294,8.309969186782837
XGB,5,1,0,mrna,mRNA,1,0.7395673751213724,0.7592996411881333,0.8455882352941176,5.01850962638855
XGB,5,1,0,rppa,RPPA,1,0.5783795447189557,0.591889389149663,0.7573529411764706,9.06032395362854
XGB,5,1,0,mutations+cnv,Mutations+CNV,2,0.5545431006581076,0.559538168758744,0.6397058823529411,15.35038948059082
XGB,5,1,0,mutations+mrna,Mutations+mRNA,2,0.7367278023519257,0.7461198320970617,0.8308823529411765,13.09932255744934
XGB,5,1,0,mutations+rppa,Mutations+RPPA,2,0.612459812277484,0.6487012987012986,0.7426470588235294,14.5825355052948
XGB,5,1,0,cnv+mrna,CNV+mRNA,2,0.7539950372208437,0.7569366432704469,0.8161764705882353,13.014631271362305
XGB,5,1,0,cnv+rppa,CNV+RPPA,2,0.6993828892005609,0.7478519809925914,0.7794117647058824,14.665347337722778
XGB,5,1,0,mrna+rppa,mRNA+RPPA,2,0.7923465314489158,0.8210155551582335,0.8676470588235294,12.368836879730225
XGB,5,1,0,mutations+cnv+mrna,Mutations+CNV+mRNA,3,0.7573697270471464,0.7520755310671277,0.8161764705882353,18.234132766723633
XGB,5,1,0,mutations+cnv+rppa,Mutations+CNV+RPPA,3,0.6415201208328838,0.6858625099215099,0.7720588235294118,19.421462535858154
XGB,5,1,0,mutations+mrna+rppa,Mutations+mRNA+RPPA,3,0.7082026108533822,0.7306441223832527,0.8161764705882353,17.526409149169922
XGB,5,1,0,cnv+mrna+rppa,CNV+mRNA+RPPA,3,0.7699147696623153,0.7809295489247543,0.8382352941176471,20.774024486541748
XGB,5,1,0,mutations+cnv+mrna+rppa,Mutations+CNV+mRNA+RPPA,4,0.7666004962779156,0.7815572998430141,0.8382352941176471,20.976097583770752
SVM,5,1,0,EMPTY,Baseline,0,0.2,0.1293532338308458,0.47794117647058826,0.0
SVM,5,1,0,mutations,Mutations,1,0.4463480418599633,0.3932863365809863,0.6029411764705882,0.044985294342041016
SVM,5,1,0,cnv,CNV,1,0.5982123206386881,0.5190380282547802,0.5808823529411765,0.023889541625976562
SVM,5,1,0,mrna,mRNA,1,0.7912935591757471,0.811492246959648,0.8676470588235294,0.016302108764648438
SVM,5,1,0,rppa,RPPA,1,0.7026442981982954,0.7065681385505425,0.7867647058823529,0.02210402488708496
SVM,5,1,0,mutations+cnv,Mutations+CNV,2,0.6069079728126011,0.5303408186016882,0.5882352941176471,0.03318047523498535
SVM,5,1,0,mutations+mrna,Mutations+mRNA,2,0.7912935591757471,0.811492246959648,0.8676470588235294,0.021918058395385742
SVM,5,1,0,mutations+rppa,Mutations+RPPA,2,0.6931157622181465,0.6967350424190896,0.7720588235294118,0.030003070831298828
SVM,5,1,0,cnv+mrna,CNV+mRNA,2,0.8009957924263675,0.7633687524596615,0.7867647058823529,0.02822256088256836
SVM,5,1,0,cnv+rppa,CNV+RPPA,2,0.6380353867731147,0.5704170363797693,0.625,0.0326998233795166
SVM,5,1,0,mrna+rppa,mRNA+RPPA,2,0.800822095155896,0.8247494732514518,0.8823529411764706,0.02234172821044922
SVM,5,1,0,mutations+cnv+mrna,Mutations+CNV+mRNA,3,0.8009957924263675,0.7633687524596615,0.7867647058823529,0.031726837158203125
SVM,5,1,0,mutations+cnv+rppa,Mutations+CNV+RPPA,3,0.6380353867731147,0.5704170363797693,0.625,0.037251949310302734
SVM,5,1,0,mutations+mrna+rppa,Mutations+mRNA+RPPA,3,0.800822095155896,0.8247494732514518,0.8823529411764706,0.024600505828857422
SVM,5,1,0,cnv+mrna+rppa,CNV+mRNA+RPPA,3,0.8009957924263675,0.7633687524596615,0.7867647058823529,0.0323023796081543
SVM,5,1,0,mutations+cnv+mrna+rppa,Mutations+CNV+mRNA+RPPA,4,0.8009957924263675,0.7633687524596615,0.7867647058823529,0.03614211082458496
RF,6,1,1,EMPTY,Baseline,0,0.2,0.1293532338308458,0.47794117647058826,0.0
RF,6,1,1,mutations,Mutations,1,0.33190635451505013,0.2681877444589309,0.5514705882352942,2.1549341678619385
RF,6,1,1,cnv,CNV,1,0.3857935052324954,0.4004743583800739,0.5735294117647058,3.57209849357605
RF,6,1,1,mrna,mRNA,1,0.5739950372208437,0.5812746720309745,0.7867647058823529,2.6236021518707275
RF,6,1,1,rppa,RPPA,1,0.4836897184162261,0.4872026636192266,0.6838235294117647,2.1561989784240723
RF,6,1,1,mutations+cnv,Mutations+CNV,2,0.4286028697809904,0.4114537977745525,0.6617647058823529,2.580404043197632
RF,6,1,1,mutations+mrna,Mutations+mRNA,2,0.5394929334340274,0.5498948670377242,0.75,2.5215022563934326
RF,6,1,1,mutations+rppa,Mutations+RPPA,2,0.4430941849174668,0.43238466536712145,0.6617647058823529,3.866748571395874
RF,6,1,1,cnv+mrna,CNV+mRNA,2,0.5641687344913151,0.5768331466965285,0.7794117647058824,3.3901398181915283
RF,6,1,1,cnv+rppa,CNV+RPPA,2,0.4693753371453231,0.4783245149911816,0.6764705882352942,2.5407636165618896
RF,6,1,1,mrna+rppa,mRNA+RPPA,2,0.5700248138957817,0.5907507334117337,0.7720588235294118,2.5121359825134277
RF,6,1,1,mutations+cnv+mrna,Mutations+CNV+mRNA,3,0.5501521199697919,0.575452498708201,0.7647058823529411,2.7540242671966553
RF,6,1,1,mutations+cnv+rppa,Mutations+CNV+RPPA,3,0.42322149099147693,0.4183831722726833,0.6544117647058824,4.855445623397827
RF,6,1,1,mutations+mrna+rppa,Mutations+mRNA+RPPA,3,0.5548775488186428,0.5651515151515152,0.7573529411764706,3.054502487182617
RF,6,1,1,cnv+mrna+rppa,CNV+mRNA+RPPA,3,0.5702621642032583,0.5856524427952999,0.7647058823529411,2.7541873455047607
RF,6,1,1,mutations+cnv+mrna+rppa,Mutations+CNV+mRNA+RPPA,4,0.5330413205308016,0.5519908713340043,0.7426470588235294,3.1085050106048584
XGB,6,1,1,EMPTY,Baseline,0,0.2,0.1293532338308458,0.47794117647058826,0.0
XGB,6,1,1,mutations,Mutations,1,0.2935289675261625,0.26829272994529985,0.5,9.886663913726807
XGB,6,1,1,cnv,CNV,1,0.43655626281152227,0.43196217494089834,0.5955882352941176,6.757788181304932
XGB,6,1,1,mrna,mRNA,1,0.7425806451612903,0.780596107055961,0.8235294117647058,7.843112230300903
XGB,6,1,1,rppa,RPPA,1,0.5663092027187399,0.5686295579912601,0.7205882352941176,5.66014289855957
XGB,6,1,1,mutations+cnv,Mutations+CNV,2,0.43719495091164096,0.4371787439613527,0.6102941176470589,15.144107818603516
XGB,6,1,1,mutations+mrna,Mutations+mRNA,2,0.671577300679685,0.7062770562770562,0.8088235294117647,12.88587212562561
XGB,6,1,1,mutations+rppa,Mutations+RPPA,2,0.5383191282770525,0.5371133786848074,0.7205882352941176,14.50429630279541
XGB,6,1,1,cnv+mrna,CNV+mRNA,2,0.7453598014888337,0.7782121379819222,0.8382352941176471,12.858139991760254
XGB,6,1,1,cnv+rppa,CNV+RPPA,2,0.5417542345452584,0.5502327459774268,0.7205882352941176,14.05846095085144
XGB,6,1,1,mrna+rppa,mRNA+RPPA,2,0.7211662531017369,0.7624741200828157,0.8602941176470589,12.632450819015503
XGB,6,1,1,mutations+cnv+mrna,Mutations+CNV+mRNA,3,0.7495673751213723,0.7905384783082625,0.8455882352941176,17.199886083602905
XGB,6,1,1,mutations+cnv+rppa,Mutations+CNV+RPPA,3,0.5498543532204121,0.5524660673734001,0.7426470588235294,19.04997491836548
XGB,6,1,1,mutations+mrna+rppa,Mutations+mRNA+RPPA,3,0.6780289135829107,0.7193807837742345,0.8161764705882353,20.481877088546753
XGB,6,1,1,cnv+mrna+rppa,CNV+mRNA+RPPA,3,0.7803970223325063,0.8212351133307723,0.8602941176470589,16.90998148918152
XGB,6,1,1,mutations+cnv+mrna+rppa,Mutations+CNV+mRNA+RPPA,4,0.7521091811414392,0.790456024306956,0.8382352941176471,20.75791049003601
SVM,6,1,1,EMPTY,Baseline,0,0.2,0.1293532338308458,0.47794117647058826,0.0
SVM,6,1,1,mutations,Mutations,1,0.3948732333585069,0.3625996250856273,0.5735294117647058,0.02930903434753418
SVM,6,1,1,cnv,CNV,1,0.6637210055022116,0.5563901638436501,0.5955882352941176,0.02451801300048828
SVM,6,1,1,mrna,mRNA,1,0.782123206386881,0.768247159898131,0.8455882352941176,0.016201019287109375
SVM,6,1,1,rppa,RPPA,1,0.5864796633941094,0.574595268059401,0.7205882352941176,0.020944833755493164
SVM,6,1,1,mutations+cnv,Mutations+CNV,2,0.6637210055022116,0.5563901638436501,0.5955882352941176,0.034853458404541016
SVM,6,1,1,mutations+mrna,Mutations+mRNA,2,0.782123206386881,0.768247159898131,0.8455882352941176,0.022067546844482422
SVM,6,1,1,mutations+rppa,Mutations+RPPA,2,0.6086136584313302,0.5950793772122369,0.7573529411764706,0.027295589447021484
SVM,6,1,1,cnv+mrna,CNV+mRNA,2,0.8312903225806452,0.7810127098262691,0.8161764705882353,0.02621316909790039
SVM,6,1,1,cnv+rppa,CNV+RPPA,2,0.6695770849066782,0.5709992193598751,0.6176470588235294,0.029985427856445312
SVM,6,1,1,mrna+rppa,mRNA+RPPA,2,0.7938957816377171,0.7821137478652922,0.8602941176470589,0.020656824111938477
SVM,6,1,1,mutations+cnv+mrna,Mutations+CNV+mRNA,3,0.8343672456575681,0.7901376202654975,0.8235294117647058,0.0339510440826416
SVM,6,1,1,mutations+cnv+rppa,Mutations+CNV+RPPA,3,0.6695770849066782,0.5709992193598751,0.6176470588235294,0.0388789176940918
SVM,6,1,1,mutations+mrna+rppa,Mutations+mRNA+RPPA,3,0.7852001294638041,0.77238240954931,0.8529411764705882,0.02492356300354004
SVM,6,1,1,cnv+mrna+rppa,CNV+mRNA+RPPA,3,0.8343672456575681,0.7938873327108622,0.8235294117647058,0.03133034706115723
SVM,6,1,1,mutations+cnv+mrna+rppa,Mutations+CNV+mRNA+RPPA,4,0.8343672456575681,0.7938873327108622,0.8235294117647058,0.03563404083251953
RF,7,1,2,EMPTY,Baseline,0,0.2,0.12864321608040202,0.4740740740740741,0.0
RF,7,1,2,mutations,Mutations,1,0.3693548387096774,0.31293719648605883,0.5925925925925926,3.173520088195801
RF,7,1,2,cnv,CNV,1,0.4212107113316791,0.43981809803375915,0.5777777777777777,3.1810462474823
RF,7,1,2,mrna,mRNA,1,0.6221412324234905,0.6411908681526388,0.8296296296296296,2.101295232772827
RF,7,1,2,rppa,RPPA,1,0.5733741728701406,0.5741631701631701,0.7481481481481481,2.13911771774292
RF,7,1,2,mutations+cnv,Mutations+CNV,2,0.4330257444168734,0.41367346938775507,0.6592592592592592,2.5308620929718018
RF,7,1,2,mutations+mrna,Mutations+mRNA,2,0.6005066170388751,0.6198104671068722,0.8074074074074075,2.9439003467559814
RF,7,1,2,mutations+rppa,Mutations+RPPA,2,0.5285023779983458,0.5303107961221168,0.7333333333333333,4.3897950649261475
RF,7,1,2,cnv+mrna,CNV+mRNA,2,0.6696986145574855,0.7215995916843781,0.8296296296296296,2.523930549621582
RF,7,1,2,cnv+rppa,CNV+RPPA,2,0.6548697270471464,0.7039131834209422,0.7925925925925926,2.5530998706817627
RF,7,1,2,mrna+rppa,mRNA+RPPA,2,0.6344008478081059,0.6479399585921326,0.8296296296296296,2.53845477104187
RF,7,1,2,mutations+cnv+mrna,Mutations+CNV+mRNA,3,0.5670104425144747,0.5881516384664811,0.7851851851851852,3.812520980834961
RF,7,1,2,mutations+cnv+rppa,Mutations+CNV+RPPA,3,0.529145988420182,0.5399787033442405,0.7481481481481481,3.9571409225463867
RF,7,1,2,mutations+mrna+rppa,Mutations+mRNA+RPPA,3,0.5906844499586434,0.6037316760893645,0.7777777777777778,2.7996411323547363
RF,7,1,2,cnv+mrna+rppa,CNV+mRNA+RPPA,3,0.7158524607113317,0.7655529280570144,0.8518518518518519,2.8357105255126953
RF,7,1,2,mutations+cnv+mrna+rppa,Mutations+CNV+mRNA+RPPA,4,0.5805133374689826,0.5918351614466323,0.7925925925925926,3.4747116565704346
XGB,7,1,2,EMPTY,Baseline,0,0.2,0.12864321608040202,0.4740740740740741,0.0
XGB,7,1,2,mutations,Mutations,1,0.35786290322580644,0.33271237795982495,0.562962962962963,9.415790319442749
XGB,7,1,2,cnv,CNV,1,0.6057097808105871,0.5952144381440156,0.6074074074074074,9.883374691009521
XGB,7,1,2,mrna,mRNA,1,0.807289081885856,0.8420923199817414,0.8962962962962963,4.756238698959351
XGB,7,1,2,rppa,RPPA,1,0.633516852770885,0.6224627408215195,0.7851851851851852,9.346873760223389
XGB,7,1,2,mutations+cnv,Mutations+CNV,2,0.5043476013234078,0.5075151515151515,0.6814814814814815,15.573878526687622
XGB,7,1,2,mutations+mrna,Mutations+mRNA,2,0.7783576302729528,0.8198702070661422,0.8592592592592593,13.003230571746826
XGB,7,1,2,mutations+rppa,Mutations+RPPA,2,0.6083591811414392,0.6108708039142822,0.7925925925925926,14.789968490600586
XGB,7,1,2,cnv+mrna,CNV+mRNA,2,0.7945874689826302,0.8263638869970306,0.8740740740740741,9.479561805725098
XGB,7,1,2,cnv+rppa,CNV+RPPA,2,0.7099617452440034,0.7118385260390461,0.8,14.629364967346191
XGB,7,1,2,mrna+rppa,mRNA+RPPA,2,0.7968672456575683,0.8306897669233362,0.8740740740740741,12.762110233306885
XGB,7,1,2,mutations+cnv+mrna,Mutations+CNV+mRNA,3,0.7816842431761787,0.8123354330939898,0.8592592592592593,17.788756370544434
XGB,7,1,2,mutations+cnv+rppa,Mutations+CNV+RPPA,3,0.6725005169561621,0.6874885075621995,0.7851851851851852,22.923967361450195
XGB,7,1,2,mutations+mrna+rppa,Mutations+mRNA+RPPA,3,0.7335271918941275,0.7603134454198284,0.8666666666666667,17.714734315872192
XGB,7,1,2,cnv+mrna+rppa,CNV+mRNA+RPPA,3,0.7937422456575682,0.8266872529644269,0.8666666666666667,17.44283127784729
XGB,7,1,2,mutations+cnv+mrna+rppa,Mutations+CNV+mRNA+RPPA,4,0.7970688585607941,0.8304934574585914,0.8666666666666667,24.655398845672607
SVM,7,1,2,EMPTY,Baseline,0,0.2,0.12864321608040202,0.4740740740740741,0.0
SVM,7,1,2,mutations,Mutations,1,0.4030526261373035,0.36612104313596844,0.6074074074074074,0.028276443481445312
SVM,7,1,2,cnv,CNV,1,0.6555081679073614,0.543513096099303,0.5703703703703704,0.02397942543029785
SVM,7,1,2,mrna,mRNA,1,0.8286833126550869,0.8135121908243,0.8888888888888888,0.016645193099975586
SVM,7,1,2,rppa,RPPA,1,0.6428970223325063,0.6268790557641329,0.7925925925925926,0.024232149124145508
SVM,7,1,2,mutations+cnv,Mutations+CNV,2,0.6555081679073614,0.543513096099303,0.5703703703703704,0.03218364715576172
SVM,7,1,2,mutations+mrna,Mutations+mRNA,2,0.8318083126550869,0.834290730406931,0.8962962962962963,0.022768259048461914
SVM,7,1,2,mutations+rppa,Mutations+RPPA,2,0.6426954094292804,0.6257269472665699,0.8,0.0313413143157959
SVM,7,1,2,cnv+mrna,CNV+mRNA,2,0.7533188585607941,0.711029396135779,0.762962962962963,0.028168678283691406
SVM,7,1,2,cnv+rppa,CNV+RPPA,2,0.695897952853598,0.5828690904092928,0.6222222222222222,0.03349566459655762
SVM,7,1,2,mrna+rppa,mRNA+RPPA,2,0.8471929280397023,0.8467630236720632,0.9037037037037037,0.022837162017822266
SVM,7,1,2,mutations+cnv+mrna,Mutations+CNV+mRNA,3,0.7564438585607941,0.7274642886768662,0.7703703703703704,0.03438448905944824
SVM,7,1,2,mutations+cnv+rppa,Mutations+CNV+RPPA,3,0.695897952853598,0.5828690904092928,0.6222222222222222,0.03754425048828125
SVM,7,1,2,mutations+mrna+rppa,Mutations+mRNA+RPPA,3,0.8471929280397023,0.8467630236720632,0.9037037037037037,0.02570033073425293
SVM,7,1,2,cnv+mrna+rppa,CNV+mRNA+RPPA,3,0.759568858560794,0.7313529322487888,0.7777777777777778,0.03133392333984375
SVM,7,1,2,mutations+cnv+mrna+rppa,Mutations+CNV+mRNA+RPPA,4,0.759568858560794,0.7313529322487888,0.7777777777777778,0.03673291206359863
RF,8,1,3,EMPTY,Baseline,0,0.2,0.12864321608040202,0.4740740740740741,0.0
RF,8,1,3,mutations,Mutations,1,0.3733333333333333,0.330739687892597,0.6,2.1513609886169434
RF,8,1,3,cnv,CNV,1,0.41966346153846157,0.4499259191279565,0.6296296296296297,2.107654571533203
RF,8,1,3,mrna,mRNA,1,0.6551282051282051,0.6800312978079857,0.8518518518518519,3.4616734981536865
RF,8,1,3,rppa,RPPA,1,0.5545673076923077,0.5866755793226381,0.762962962962963,2.807032585144043
RF,8,1,3,mutations+cnv,Mutations+CNV,2,0.4726121794871795,0.494084559998496,0.6370370370370371,2.574176073074341
RF,8,1,3,mutations+mrna,Mutations+mRNA,2,0.570849358974359,0.5972264085091288,0.7851851851851852,2.5576136112213135
RF,8,1,3,mutations+rppa,Mutations+RPPA,2,0.5135576923076923,0.5269041095890411,0.7037037037037037,2.5891036987304688
RF,8,1,3,cnv+mrna,CNV+mRNA,2,0.637900641025641,0.7017533274179237,0.8,4.09165096282959
RF,8,1,3,cnv+rppa,CNV+RPPA,2,0.557099358974359,0.6052839488449437,0.7037037037037037,3.024146795272827
RF,8,1,3,mrna+rppa,mRNA+RPPA,2,0.6397435897435897,0.6642540136449785,0.8444444444444444,2.4820315837860107
RF,8,1,3,mutations+cnv+mrna,Mutations+CNV+mRNA,3,0.5732051282051283,0.6271511793123046,0.762962962962963,2.7310409545898438
RF,8,1,3,mutations+cnv+rppa,Mutations+CNV+RPPA,3,0.5281730769230769,0.5708998286704297,0.6814814814814815,2.9518215656280518
RF,8,1,3,mutations+mrna+rppa,Mutations+mRNA+RPPA,3,0.6089743589743589,0.6333106174185634,0.8296296296296296,4.772791862487793
RF,8,1,3,cnv+mrna+rppa,CNV+mRNA+RPPA,3,0.6320032051282052,0.6552546583850932,0.8222222222222222,2.8188796043395996
RF,8,1,3,mutations+cnv+mrna+rppa,Mutations+CNV+mRNA+RPPA,4,0.5641826923076924,0.592313725490196,0.7777777777777778,3.1157286167144775
XGB,8,1,3,EMPTY,Baseline,0,0.2,0.12864321608040202,0.4740740740740741,0.0
XGB,8,1,3,mutations,Mutations,1,0.3999358974358974,0.41524762779185237,0.5259259259259259,10.04246735572815
XGB,8,1,3,cnv,CNV,1,0.4458814102564103,0.46799648438992697,0.6296296296296297,6.280446767807007
XGB,8,1,3,mrna,mRNA,1,0.6800641025641025,0.6885858123569795,0.8444444444444444,8.321223020553589
XGB,8,1,3,rppa,RPPA,1,0.6251602564102564,0.6417990564834885,0.7481481481481481,5.643793821334839
XGB,8,1,3,mutations+cnv,Mutations+CNV,2,0.460224358974359,0.5005592009190211,0.5777777777777777,16.045049905776978
XGB,8,1,3,mutations+mrna,Mutations+mRNA,2,0.6734294871794873,0.680929866036249,0.837037037037037,35.32973790168762
XGB,8,1,3,mutations+rppa,Mutations+RPPA,2,0.6370352564102564,0.6701148893515306,0.7555555555555555,38.581995487213135
XGB,8,1,3,cnv+mrna,CNV+mRNA,2,0.6548878205128206,0.6694314607402181,0.8222222222222222,25.632486820220947
XGB,8,1,3,cnv+rppa,CNV+RPPA,2,0.6959935897435897,0.7221033868092691,0.7925925925925926,14.200693368911743
XGB,8,1,3,mrna+rppa,mRNA+RPPA,2,0.6908653846153846,0.6925627945112828,0.837037037037037,12.730887413024902
XGB,8,1,3,mutations+cnv+mrna,Mutations+CNV+mRNA,3,0.6497115384615385,0.6652227103966979,0.8222222222222222,17.488308668136597
XGB,8,1,3,mutations+cnv+rppa,Mutations+CNV+RPPA,3,0.6118269230769231,0.6430900825307768,0.7333333333333333,19.040359020233154
XGB,8,1,3,mutations+mrna+rppa,Mutations+mRNA+RPPA,3,0.707323717948718,0.7056320108244044,0.8592592592592593,20.506757020950317
XGB,8,1,3,cnv+mrna+rppa,CNV+mRNA+RPPA,3,0.7083653846153847,0.7169416302516906,0.8740740740740741,16.944918394088745
XGB,8,1,3,mutations+cnv+mrna+rppa,Mutations+CNV+mRNA+RPPA,4,0.7069070512820513,0.7111895279747431,0.8666666666666667,20.65952444076538
SVM,8,1,3,EMPTY,Baseline,0,0.2,0.12864321608040202,0.4740740740740741,0.0
SVM,8,1,3,mutations,Mutations,1,0.33455128205128204,0.29014771460423633,0.5333333333333333,0.026758193969726562
SVM,8,1,3,cnv,CNV,1,0.6184935897435897,0.5776800976800976,0.6296296296296297,0.023868083953857422
SVM,8,1,3,mrna,mRNA,1,0.7623557692307693,0.7736696758036179,0.8740740740740741,0.017520666122436523
SVM,8,1,3,rppa,RPPA,1,0.6928044871794872,0.6789964866051823,0.762962962962963,0.023410797119140625
SVM,8,1,3,mutations+cnv,Mutations+CNV,2,0.6153685897435898,0.5738531787846857,0.6222222222222222,0.04539752006530762
SVM,8,1,3,mutations+mrna,Mutations+mRNA,2,0.7623557692307693,0.7736696758036179,0.8740740740740741,0.02089715003967285
SVM,8,1,3,mutations+rppa,Mutations+RPPA,2,0.7025961538461538,0.6880303030303031,0.7777777777777778,0.029102802276611328
SVM,8,1,3,cnv+mrna,CNV+mRNA,2,0.8163141025641026,0.8200924016414725,0.8740740740740741,0.025624513626098633
SVM,8,1,3,cnv+rppa,CNV+RPPA,2,0.6451282051282051,0.6153869761553821,0.6592592592592592,0.03105759620666504
SVM,8,1,3,mrna+rppa,mRNA+RPPA,2,0.7623557692307693,0.7736696758036179,0.8740740740740741,0.020938396453857422
SVM,8,1,3,mutations+cnv+mrna,Mutations+CNV+mRNA,3,0.8163141025641026,0.8200924016414725,0.8740740740740741,0.03188610076904297
SVM,8,1,3,mutations+cnv+rppa,Mutations+CNV+RPPA,3,0.6451282051282051,0.6153869761553821,0.6592592592592592,0.03739476203918457
SVM,8,1,3,mutations+mrna+rppa,Mutations+mRNA+RPPA,3,0.7623557692307693,0.7736696758036179,0.8740740740740741,0.02977466583251953
SVM,8,1,3,cnv+mrna+rppa,CNV+mRNA+RPPA,3,0.8163141025641026,0.8200924016414725,0.8740740740740741,0.03074955940246582
SVM,8,1,3,mutations+cnv+mrna+rppa,Mutations+CNV+mRNA+RPPA,4,0.8163141025641026,0.8200924016414725,0.8740740740740741,0.03674507141113281
RF,9,1,4,EMPTY,Baseline,0,0.2,0.12864321608040202,0.4740740740740741,0.0
RF,9,1,4,mutations,Mutations,1,0.3441532258064516,0.2938153503893215,0.5777777777777777,3.426004648208618
RF,9,1,4,cnv,CNV,1,0.4242943548387097,0.46101356118591036,0.5925925925925926,2.8750197887420654
RF,9,1,4,mrna,mRNA,1,0.6971774193548387,0.7342241600658868,0.8222222222222222,2.140958547592163
RF,9,1,4,rppa,RPPA,1,0.5507728494623656,0.5533788733788734,0.7185185185185186,2.0969009399414062
RF,9,1,4,mutations+cnv,Mutations+CNV,2,0.39371639784946233,0.38530136530136533,0.6074074074074074,2.5916147232055664
RF,9,1,4,mutations+mrna,Mutations+mRNA,2,0.5244959677419355,0.5378760363205685,0.7407407407407407,3.4069736003875732
RF,9,1,4,mutations+rppa,Mutations+RPPA,2,0.5186827956989248,0.5350087734193695,0.7111111111111111,3.8540451526641846
RF,9,1,4,cnv+mrna,CNV+mRNA,2,0.6638440860215054,0.7155024756772522,0.8074074074074075,2.5052473545074463
RF,9,1,4,cnv+rppa,CNV+RPPA,2,0.5470094086021505,0.5616646403242147,0.7185185185185186,2.494580030441284
RF,9,1,4,mrna+rppa,mRNA+RPPA,2,0.6170026881720431,0.6161508057160231,0.762962962962963,2.491295337677002
RF,9,1,4,mutations+cnv+mrna,Mutations+CNV+mRNA,3,0.5380376344086021,0.5587208843268852,0.7407407407407407,4.189438343048096
RF,9,1,4,mutations+cnv+rppa,Mutations+CNV+RPPA,3,0.5055779569892473,0.522573482223078,0.7037037037037037,3.6077375411987305
RF,9,1,4,mutations+mrna+rppa,Mutations+mRNA+RPPA,3,0.5720094086021505,0.5796750481014323,0.7481481481481481,2.7733139991760254
RF,9,1,4,cnv+mrna+rppa,CNV+mRNA+RPPA,3,0.6765793010752689,0.7116794833875579,0.7851851851851852,2.7972865104675293
RF,9,1,4,mutations+cnv+mrna+rppa,Mutations+CNV+mRNA+RPPA,4,0.5661626344086022,0.5813031033181411,0.762962962962963,3.7242486476898193
XGB,9,1,4,EMPTY,Baseline,0,0.2,0.12864321608040202,0.4740740740740741,0.0
XGB,9,1,4,mutations,Mutations,1,0.34408602150537637,0.32916482382426654,0.5481481481481482,8.886766195297241
XGB,9,1,4,cnv,CNV,1,0.4865591397849462,0.5189970499020101,0.6074074074074074,9.96589469909668
XGB,9,1,4,mrna,mRNA,1,0.7694220430107526,0.7823711469983459,0.8740740740740741,4.702690362930298
XGB,9,1,4,rppa,RPPA,1,0.610114247311828,0.6011177257654792,0.7555555555555555,9.234538316726685
XGB,9,1,4,mutations+cnv,Mutations+CNV,2,0.456989247311828,0.46367071524966263,0.5925925925925926,15.695056915283203
XGB,9,1,4,mutations+mrna,Mutations+mRNA,2,0.7394153225806452,0.7618954520317067,0.8592592592592593,13.133545875549316
XGB,9,1,4,mutations+rppa,Mutations+RPPA,2,0.6282258064516129,0.6232450875086877,0.7703703703703704,15.991637468338013
XGB,9,1,4,cnv+mrna,CNV+mRNA,2,0.7463037634408602,0.7679478772593527,0.8592592592592593,9.749432802200317
XGB,9,1,4,cnv+rppa,CNV+RPPA,2,0.614885752688172,0.6172483347405949,0.762962962962963,14.076880931854248
XGB,9,1,4,mrna+rppa,mRNA+RPPA,2,0.720497311827957,0.7451343283582089,0.8296296296296296,12.654087543487549
XGB,9,1,4,mutations+cnv+mrna,Mutations+CNV+mRNA,3,0.700268817204301,0.7270157901074454,0.8222222222222222,17.607730627059937
XGB,9,1,4,mutations+cnv+rppa,Mutations+CNV+RPPA,3,0.611760752688172,0.6145489850262198,0.7555555555555555,23.09781575202942
XGB,9,1,4,mutations+mrna+rppa,Mutations+mRNA+RPPA,3,0.7134072580645161,0.7412273134261389,0.837037037037037,17.3835551738739
XGB,9,1,4,cnv+mrna+rppa,CNV+mRNA+RPPA,3,0.6973790322580645,0.7251803136713623,0.8148148148148148,17.17202663421631
XGB,9,1,4,mutations+cnv+mrna+rppa,Mutations+CNV+mRNA+RPPA,4,0.6876008064516129,0.7165262429828372,0.8074074074074075,24.475499153137207
SVM,9,1,4,EMPTY,Baseline,0,0.2,0.12864321608040202,0.4740740740740741,0.0
SVM,9,1,4,mutations,Mutations,1,0.3299731182795699,0.3261251841188674,0.4444444444444444,0.028544187545776367
SVM,9,1,4,cnv,CNV,1,0.6346438172043011,0.5493623795955326,0.6,0.025403499603271484
SVM,9,1,4,mrna,mRNA,1,0.8898185483870968,0.8380012517827644,0.8814814814814815,0.016344308853149414
SVM,9,1,4,rppa,RPPA,1,0.6092405913978495,0.5903530286138983,0.6814814814814815,0.021860361099243164
SVM,9,1,4,mutations+cnv,Mutations+CNV,2,0.6377688172043011,0.5553633633633634,0.6074074074074074,0.03182840347290039
SVM,9,1,4,mutations+mrna,Mutations+mRNA,2,0.8898185483870968,0.8380012517827644,0.8814814814814815,0.022644519805908203
SVM,9,1,4,mutations+rppa,Mutations+RPPA,2,0.6123655913978495,0.5926318891836134,0.6888888888888889,0.030096054077148438
SVM,9,1,4,cnv+mrna,CNV+mRNA,2,0.7987903225806452,0.7473305849080497,0.7925925925925926,0.028554677963256836
SVM,9,1,4,cnv+rppa,CNV+RPPA,2,0.5846438172043011,0.5310246963745542,0.5925925925925926,0.032334089279174805
SVM,9,1,4,mrna+rppa,mRNA+RPPA,2,0.8929435483870968,0.8525846101949999,0.8888888888888888,0.02377772331237793
SVM,9,1,4,mutations+cnv+mrna,Mutations+CNV+mRNA,3,0.7987903225806452,0.7473305849080497,0.7925925925925926,0.03209972381591797
SVM,9,1,4,mutations+cnv+rppa,Mutations+CNV+RPPA,3,0.5846438172043011,0.5310246963745542,0.5925925925925926,0.03708696365356445
SVM,9,1,4,mutations+mrna+rppa,Mutations+mRNA+RPPA,3,0.8898185483870968,0.848221397649969,0.8814814814814815,0.02834010124206543
SVM,9,1,4,cnv+mrna+rppa,CNV+mRNA+RPPA,3,0.7987903225806452,0.7526471306471307,0.7925925925925926,0.03133511543273926
SVM,9,1,4,mutations+cnv+mrna+rppa,Mutations+CNV+mRNA+RPPA,4,0.8019153225806452,0.7636851977913925,0.8,0.03702902793884277
RF,10,2,0,EMPTY,Baseline,0,0.2,0.1293532338308458,0.47794117647058826,0.0
RF,10,2,0,mutations,Mutations,1,0.3240608479879167,0.29205065205065206,0.5514705882352942,2.1776998043060303
RF,10,2,0,cnv,CNV,1,0.5178606106376094,0.5502075702075702,0.6323529411764706,2.1792171001434326
RF,10,2,0,mrna,mRNA,1,0.5689114251807099,0.5901562767334579,0.7720588235294118,2.262319803237915
RF,10,2,0,rppa,RPPA,1,0.5402049843564571,0.5550723086285154,0.7279411764705882,3.619511604309082
RF,10,2,0,mutations+cnv,Mutations+CNV,2,0.3721609666630704,0.36532283799595794,0.5808823529411765,3.0051774978637695
RF,10,2,0,mutations+mrna,Mutations+mRNA,2,0.5512827705254073,0.5762108481498593,0.7647058823529411,2.5995798110961914
RF,10,2,0,mutations+rppa,Mutations+RPPA,2,0.4817434458949186,0.49411542530941654,0.6764705882352942,2.5855345726013184
RF,10,2,0,cnv+mrna,CNV+mRNA,2,0.6961818966447297,0.7406233766233766,0.7720588235294118,2.6492831707000732
RF,10,2,0,cnv+rppa,CNV+RPPA,2,0.5678972920487648,0.5831908179708506,0.7352941176470589,4.394887208938599
RF,10,2,0,mrna+rppa,mRNA+RPPA,2,0.5618642787787247,0.5785668449197862,0.75,2.548872232437134
RF,10,2,0,mutations+cnv+mrna,Mutations+CNV+mRNA,3,0.5232322796418168,0.5549938193901042,0.7352941176470589,2.873906373977661
RF,10,2,0,mutations+cnv+rppa,Mutations+CNV+RPPA,3,0.49790052864386675,0.519200140944327,0.6911764705882353,2.916663408279419
RF,10,2,0,mutations+mrna+rppa,Mutations+mRNA+RPPA,3,0.5419915848527349,0.5679386103227163,0.7426470588235294,4.087437629699707
RF,10,2,0,cnv+mrna+rppa,CNV+mRNA+RPPA,3,0.5621016290862013,0.5879017991974803,0.7426470588235294,3.7914814949035645
RF,10,2,0,mutations+cnv+mrna+rppa,Mutations+CNV+mRNA+RPPA,4,0.5344093213938936,0.5612031197256916,0.7352941176470589,3.1328911781311035
XGB,10,2,0,EMPTY,Baseline,0,0.2,0.1293532338308458,0.47794117647058826,0.0
XGB,10,2,0,mutations,Mutations,1,0.3547836875606861,0.3469387755102041,0.5073529411764706,10.0040762424469
XGB,10,2,0,cnv,CNV,1,0.6691584852734923,0.6385840821107532,0.6544117647058824,6.33779764175415
XGB,10,2,0,mrna,mRNA,1,0.7461462940986083,0.7851936331630882,0.8161764705882353,8.2660391330719
XGB,10,2,0,rppa,RPPA,1,0.6186773114683353,0.6061064705742366,0.7573529411764706,5.533496379852295
XGB,10,2,0,mutations+cnv,Mutations+CNV,2,0.6882759736756932,0.6946630888491354,0.7132352941176471,15.321706533432007
XGB,10,2,0,mutations+mrna,Mutations+mRNA,2,0.6150792965799979,0.6444421330004855,0.7647058823529411,12.802802801132202
XGB,10,2,0,mutations+rppa,Mutations+RPPA,2,0.600750890063653,0.6051748251748252,0.7573529411764706,14.212350845336914
XGB,10,2,0,cnv+mrna,CNV+mRNA,2,0.7899924479447622,0.8054438152776724,0.8088235294117647,12.876990795135498
XGB,10,2,0,cnv+rppa,CNV+RPPA,2,0.7055367353544072,0.736352367381457,0.7647058823529411,14.19735860824585
XGB,10,2,0,mrna+rppa,mRNA+RPPA,2,0.7590495199050599,0.7926126755200767,0.8308823529411765,9.381186962127686
XGB,10,2,0,mutations+cnv+mrna,Mutations+CNV+mRNA,3,0.7869155248678391,0.7985109008638421,0.8014705882352942,20.63696813583374
XGB,10,2,0,mutations+cnv+rppa,Mutations+CNV+RPPA,3,0.7075002697162585,0.7447030061217703,0.7720588235294118,19.20542812347412
XGB,10,2,0,mutations+mrna+rppa,Mutations+mRNA+RPPA,3,0.6461462940986082,0.6882321437545318,0.8014705882352942,16.973400831222534
XGB,10,2,0,cnv+mrna+rppa,CNV+mRNA+RPPA,3,0.7427716042723056,0.7806948606948606,0.8161764705882353,19.794902801513672
XGB,10,2,0,mutations+cnv+mrna+rppa,Mutations+CNV+mRNA+RPPA,4,0.7581562196569209,0.7957972582972583,0.8235294117647058,21.517054796218872
SVM,10,2,0,EMPTY,Baseline,0,0.2,0.1293532338308458,0.47794117647058826,0.0
SVM,10,2,0,mutations,Mutations,1,0.3360707735462294,0.31631897203325776,0.5294117647058824,0.02750563621520996
SVM,10,2,0,cnv,CNV,1,0.7095134318696731,0.5535080337590118,0.5661764705882353,0.024292469024658203
SVM,10,2,0,mrna,mRNA,1,0.7901769338655734,0.7670655655173152,0.8382352941176471,0.015989303588867188
SVM,10,2,0,rppa,RPPA,1,0.6125838817563922,0.5880203007845743,0.7132352941176471,0.02175283432006836
SVM,10,2,0,mutations+cnv,Mutations+CNV,2,0.7095134318696731,0.5535080337590118,0.5661764705882353,0.03072810173034668
SVM,10,2,0,mutations+mrna,Mutations+mRNA,2,0.7901769338655734,0.7670655655173152,0.8382352941176471,0.02052903175354004
SVM,10,2,0,mutations+rppa,Mutations+RPPA,2,0.6125838817563922,0.5834407665505227,0.7132352941176471,0.040345191955566406
SVM,10,2,0,cnv+mrna,CNV+mRNA,2,0.777745172078973,0.6961914980902323,0.7205882352941176,0.02515387535095215
SVM,10,2,0,cnv+rppa,CNV+RPPA,2,0.7165001618297551,0.5720184262335425,0.5882352941176471,0.032749176025390625
SVM,10,2,0,mrna+rppa,mRNA+RPPA,2,0.7868022440392707,0.7772942307335449,0.8382352941176471,0.024210214614868164
SVM,10,2,0,mutations+cnv+mrna,Mutations+CNV+mRNA,3,0.777745172078973,0.6961914980902323,0.7205882352941176,0.030706167221069336
SVM,10,2,0,mutations+cnv+rppa,Mutations+CNV+RPPA,3,0.7165001618297551,0.5720184262335425,0.5882352941176471,0.038054466247558594
SVM,10,2,0,mutations+mrna+rppa,Mutations+mRNA+RPPA,3,0.7932538569424965,0.782182271523085,0.8455882352941176,0.024724960327148438
SVM,10,2,0,cnv+mrna+rppa,CNV+mRNA+RPPA,3,0.7585144028482036,0.7022196564497449,0.7279411764705882,0.030603885650634766
SVM,10,2,0,mutations+cnv+mrna+rppa,Mutations+CNV+mRNA+RPPA,4,0.7615913259251267,0.7061641516378359,0.7352941176470589,0.034149169921875
RF,11,2,1,EMPTY,Baseline,0,0.2,0.1293532338308458,0.47794117647058826,0.0
RF,11,2,1,mutations,Mutations,1,0.3717294206494767,0.31948206831927767,0.5955882352941176,2.2551400661468506
RF,11,2,1,cnv,CNV,1,0.35347933973459916,0.36446049845064626,0.5441176470588235,2.5883800983428955
RF,11,2,1,mrna,mRNA,1,0.610620347394541,0.6219171304885591,0.7941176470588235,3.549401044845581
RF,11,2,1,rppa,RPPA,1,0.5161851332398317,0.5246945154873544,0.7132352941176471,2.2044596672058105
RF,11,2,1,mutations+cnv,Mutations+CNV,2,0.43167979285791347,0.4246498599439776,0.6397058823529411,2.6064534187316895
RF,11,2,1,mutations+mrna,Mutations+mRNA,2,0.5622224619700076,0.5822258071223861,0.7720588235294118,2.484877824783325
RF,11,2,1,mutations+rppa,Mutations+RPPA,2,0.4921652821232064,0.5047262603895895,0.7279411764705882,2.686263084411621
RF,11,2,1,cnv+mrna,CNV+mRNA,2,0.5515632754342432,0.5620275262422851,0.7573529411764706,4.362355470657349
RF,11,2,1,cnv+rppa,CNV+RPPA,2,0.44595101952745714,0.4501821862348178,0.6764705882352942,2.729219913482666
RF,11,2,1,mrna+rppa,mRNA+RPPA,2,0.6206235839896429,0.6368874172185431,0.7941176470588235,2.635000467300415
RF,11,2,1,mutations+cnv+mrna,Mutations+CNV+mRNA,3,0.5364160103571043,0.5535361614868893,0.7426470588235294,2.9430294036865234
RF,11,2,1,mutations+cnv+rppa,Mutations+CNV+RPPA,3,0.42748948106591866,0.4225881171968129,0.6617647058823529,3.895585775375366
RF,11,2,1,mutations+mrna+rppa,Mutations+mRNA+RPPA,3,0.5644665012406949,0.5787573929661531,0.7720588235294118,4.0193259716033936
RF,11,2,1,cnv+mrna+rppa,CNV+mRNA+RPPA,3,0.5776070773546229,0.5880752300920368,0.7794117647058824,2.696917772293091
RF,11,2,1,mutations+cnv+mrna+rppa,Mutations+CNV+mRNA+RPPA,4,0.5644665012406949,0.5799102167182663,0.7720588235294118,3.0619988441467285
XGB,11,2,1,EMPTY,Baseline,0,0.2,0.1293532338308458,0.47794117647058826,0.0
XGB,11,2,1,mutations,Mutations,1,0.3327996547631891,0.29961613728737013,0.5294117647058824,10.042175531387329
XGB,11,2,1,cnv,CNV,1,0.4000345236810875,0.40080549632788437,0.5588235294117647,6.27087664604187
XGB,11,2,1,mrna,mRNA,1,0.6708684863523573,0.6648978328173375,0.8308823529411765,8.37386965751648
XGB,11,2,1,rppa,RPPA,1,0.5758377386988888,0.5722222222222222,0.7352941176470589,5.65433931350708
XGB,11,2,1,mutations+cnv,Mutations+CNV,2,0.38151256877764594,0.391071852832366,0.5441176470588235,15.379580736160278
XGB,11,2,1,mutations+mrna,Mutations+mRNA,2,0.641985111662531,0.63683240074607,0.7941176470588235,12.97532057762146
XGB,11,2,1,mutations+rppa,Mutations+RPPA,2,0.5814564677958788,0.5845650350925167,0.7647058823529411,14.559241533279419
XGB,11,2,1,cnv+mrna,CNV+mRNA,2,0.6274937965260545,0.6276125440104806,0.7941176470588235,12.925268650054932
XGB,11,2,1,cnv+rppa,CNV+RPPA,2,0.5856640414284173,0.5904870568028462,0.7426470588235294,14.193408727645874
XGB,11,2,1,mrna+rppa,mRNA+RPPA,2,0.6585607940446649,0.6565509028044564,0.8308823529411765,12.989356517791748
XGB,11,2,1,mutations+cnv+mrna,Mutations+CNV+mRNA,3,0.6210421836228288,0.6172567049808428,0.7867647058823529,17.720221996307373
XGB,11,2,1,mutations+cnv+rppa,Mutations+CNV+RPPA,3,0.5409213507390225,0.5398086149834362,0.7132352941176471,19.29281711578369
XGB,11,2,1,mutations+mrna+rppa,Mutations+mRNA+RPPA,3,0.6425806451612903,0.6359770594369134,0.8088235294117647,21.456793785095215
XGB,11,2,1,cnv+mrna+rppa,CNV+mRNA+RPPA,3,0.6176674937965261,0.6122521566025215,0.7867647058823529,17.380488634109497
XGB,11,2,1,mutations+cnv+mrna+rppa,Mutations+CNV+mRNA+RPPA,4,0.6296774193548387,0.6166497128794093,0.7941176470588235,23.84526228904724
SVM,11,2,1,EMPTY,Baseline,0,0.2,0.1293532338308458,0.47794117647058826,0.0
SVM,11,2,1,mutations,Mutations,1,0.467943683245226,0.43,0.5955882352941176,0.047193288803100586
SVM,11,2,1,cnv,CNV,1,0.6703463156759089,0.5894232815580859,0.5955882352941176,0.0422215461730957
SVM,11,2,1,mrna,mRNA,1,0.8374441687344912,0.8269389828453658,0.8602941176470589,0.028110265731811523
SVM,11,2,1,rppa,RPPA,1,0.6075002697162585,0.5998845695094085,0.7279411764705882,0.03788900375366211
SVM,11,2,1,mutations+cnv,Mutations+CNV,2,0.6703463156759089,0.5894232815580859,0.5955882352941176,0.04723763465881348
SVM,11,2,1,mutations+mrna,Mutations+mRNA,2,0.8374441687344912,0.8269389828453658,0.8602941176470589,0.032633304595947266
SVM,11,2,1,mutations+rppa,Mutations+RPPA,2,0.6128212320638687,0.598962966369999,0.7352941176470589,0.0452725887298584
SVM,11,2,1,cnv+mrna,CNV+mRNA,2,0.793771712158809,0.7847526674000339,0.8014705882352942,0.04068136215209961
SVM,11,2,1,cnv+rppa,CNV+RPPA,2,0.6419451936562737,0.5896475746475746,0.6102941176470589,0.04721689224243164
SVM,11,2,1,mrna+rppa,mRNA+RPPA,2,0.8405210918114143,0.831095209951593,0.8676470588235294,0.0321502685546875
SVM,11,2,1,mutations+cnv+mrna,Mutations+CNV+mRNA,3,0.793771712158809,0.7847526674000339,0.8014705882352942,0.044106245040893555
SVM,11,2,1,mutations+cnv+rppa,Mutations+CNV+RPPA,3,0.6419451936562737,0.5896475746475746,0.6102941176470589,0.05831623077392578
SVM,11,2,1,mutations+mrna+rppa,Mutations+mRNA+RPPA,3,0.8405210918114143,0.831095209951593,0.8676470588235294,0.03935432434082031
SVM,11,2,1,cnv+mrna+rppa,CNV+mRNA+RPPA,3,0.793771712158809,0.7847526674000339,0.8014705882352942,0.047933340072631836
SVM,11,2,1,mutations+cnv+mrna+rppa,Mutations+CNV+mRNA+RPPA,4,0.793771712158809,0.7847526674000339,0.8014705882352942,0.05463743209838867
RF,12,2,2,EMPTY,Baseline,0,0.2,0.12864321608040202,0.4740740740740741,0.0
RF,12,2,2,mutations,Mutations,1,0.4186776261373035,0.389714150240466,0.6444444444444445,2.2356677055358887
RF,12,2,2,cnv,CNV,1,0.541602047146402,0.5582961440104297,0.6666666666666666,2.1317074298858643
RF,12,2,2,mrna,mRNA,1,0.5905267783291976,0.6089948965887725,0.8074074074074075,2.1034185886383057
RF,12,2,2,rppa,RPPA,1,0.5810690653432589,0.6031219660965259,0.762962962962963,2.0954551696777344
RF,12,2,2,mutations+cnv,Mutations+CNV,2,0.45009046732837055,0.44240019240019246,0.674074074074074,3.8350472450256348
RF,12,2,2,mutations+mrna,Mutations+mRNA,2,0.5778251654259718,0.594158215010142,0.7851851851851852,3.4974820613861084
RF,12,2,2,mutations+rppa,Mutations+RPPA,2,0.4904363110008272,0.49534147958700386,0.7037037037037037,2.5516819953918457
RF,12,2,2,cnv+mrna,CNV+mRNA,2,0.5984181141439205,0.6144544393822973,0.7925925925925926,2.464853286743164
RF,12,2,2,cnv+rppa,CNV+RPPA,2,0.5246949958643508,0.5487659224763731,0.7111111111111111,2.487499952316284
RF,12,2,2,mrna+rppa,mRNA+RPPA,2,0.6085943961952027,0.6196988043715467,0.8,3.8976433277130127
RF,12,2,2,mutations+cnv+mrna,Mutations+CNV+mRNA,3,0.5859568858560794,0.6077182653356774,0.8,3.5558953285217285
RF,12,2,2,mutations+cnv+rppa,Mutations+CNV+RPPA,3,0.4738084160463192,0.4691712779973649,0.6888888888888889,2.870347738265991
RF,12,2,2,mutations+mrna+rppa,Mutations+mRNA+RPPA,3,0.5836331679073614,0.5935793823242824,0.7777777777777778,2.8338136672973633
RF,12,2,2,cnv+mrna+rppa,CNV+mRNA+RPPA,3,0.6079947270471464,0.6237322921564219,0.8074074074074075,3.318488597869873
RF,12,2,2,mutations+cnv+mrna+rppa,Mutations+CNV+mRNA+RPPA,4,0.5701302729528537,0.5849651063246927,0.7703703703703704,4.703261852264404
XGB,12,2,2,EMPTY,Baseline,0,0.2,0.12864321608040202,0.4740740740740741,0.0
XGB,12,2,2,mutations,Mutations,1,0.3627869106699752,0.36676629461853394,0.5481481481481482,6.517376661300659
XGB,12,2,2,cnv,CNV,1,0.6665245037220844,0.6510685805422648,0.6888888888888889,9.692066431045532
XGB,12,2,2,mrna,mRNA,1,0.7245941894127379,0.745421226630187,0.8666666666666667,4.798192501068115
XGB,12,2,2,rppa,RPPA,1,0.6362050248138957,0.6393675027262813,0.7925925925925926,9.266884565353394
XGB,12,2,2,mutations+cnv,Mutations+CNV,2,0.6392007857733665,0.6355357258905554,0.7333333333333333,15.445599794387817
XGB,12,2,2,mutations+mrna,Mutations+mRNA,2,0.7054409636062862,0.7278402643108526,0.837037037037037,12.996333837509155
XGB,12,2,2,mutations+rppa,Mutations+RPPA,2,0.6333152398676593,0.6390232549042618,0.7925925925925926,14.435363531112671
XGB,12,2,2,cnv+mrna,CNV+mRNA,2,0.7210659636062862,0.7669207193235109,0.8740740740740741,12.85121464729309
XGB,12,2,2,cnv+rppa,CNV+RPPA,2,0.7451767990074442,0.7258519517309425,0.7777777777777778,13.076464653015137
XGB,12,2,2,mrna+rppa,mRNA+RPPA,2,0.7206239660876759,0.7587547935935033,0.8518518518518519,10.682855606079102
XGB,12,2,2,mutations+cnv+mrna,Mutations+CNV+mRNA,3,0.7090079611248966,0.7358150424348844,0.8666666666666667,20.96923828125
XGB,12,2,2,mutations+cnv+rppa,Mutations+CNV+RPPA,3,0.6918501861042184,0.7008721667653783,0.7851851851851852,19.305153846740723
XGB,12,2,2,mutations+mrna+rppa,Mutations+mRNA+RPPA,3,0.7108457402812243,0.7519812925700526,0.8444444444444444,17.298449516296387
XGB,12,2,2,cnv+mrna+rppa,CNV+mRNA+RPPA,3,0.7172973531844501,0.7587609535870018,0.8518518518518519,17.207566499710083
XGB,12,2,2,mutations+cnv+mrna+rppa,Mutations+CNV+mRNA+RPPA,4,0.7270755789909017,0.7652064064967291,0.8592592592592593,24.491604804992676
SVM,12,2,2,EMPTY,Baseline,0,0.2,0.12864321608040202,0.4740740740740741,0.0
SVM,12,2,2,mutations,Mutations,1,0.5042080231596361,0.4542406776333319,0.6074074074074074,0.03352236747741699
SVM,12,2,2,cnv,CNV,1,0.6690550041356493,0.5470216228784004,0.6,0.02398824691772461
SVM,12,2,2,mrna,mRNA,1,0.8079301075268818,0.7815076817035788,0.8740740740740741,0.01632404327392578
SVM,12,2,2,rppa,RPPA,1,0.6828008684863525,0.6767170106316447,0.8,0.023596763610839844
SVM,12,2,2,mutations+cnv,Mutations+CNV,2,0.6690550041356493,0.5485089283657059,0.6,0.03255915641784668
SVM,12,2,2,mutations+mrna,Mutations+mRNA,2,0.8079301075268818,0.7815076817035788,0.8740740740740741,0.023055315017700195
SVM,12,2,2,mutations+rppa,Mutations+RPPA,2,0.670541253101737,0.6687,0.8,0.03026437759399414
SVM,12,2,2,cnv+mrna,CNV+mRNA,2,0.8594137717121588,0.8153625110521663,0.8666666666666667,0.03055095672607422
SVM,12,2,2,cnv+rppa,CNV+RPPA,2,0.6527527915632754,0.5913687830149196,0.6592592592592592,0.03353595733642578
SVM,12,2,2,mrna+rppa,mRNA+RPPA,2,0.8079301075268818,0.7815076817035788,0.8740740740740741,0.022843599319458008
SVM,12,2,2,mutations+cnv+mrna,Mutations+CNV+mRNA,3,0.8594137717121588,0.8153625110521663,0.8666666666666667,0.03217649459838867
SVM,12,2,2,mutations+cnv+rppa,Mutations+CNV+RPPA,3,0.6496277915632753,0.5835684574081502,0.6518518518518519,0.038179636001586914
SVM,12,2,2,mutations+mrna+rppa,Mutations+mRNA+RPPA,3,0.8079301075268818,0.7815076817035788,0.8740740740740741,0.026030302047729492
SVM,12,2,2,cnv+mrna+rppa,CNV+mRNA+RPPA,3,0.7958721050454922,0.772255505905694,0.8666666666666667,0.033541202545166016
SVM,12,2,2,mutations+cnv+mrna+rppa,Mutations+CNV+mRNA+RPPA,4,0.7989971050454922,0.7813069230827343,0.8740740740740741,0.03669857978820801
RF,13,2,3,EMPTY,Baseline,0,0.2,0.12864321608040202,0.4740740740740741,0.0
RF,13,2,3,mutations,Mutations,1,0.36041666666666666,0.3134158675456997,0.5777777777777777,2.2217750549316406
RF,13,2,3,cnv,CNV,1,0.3657692307692308,0.384040404040404,0.5925925925925926,2.2990283966064453
RF,13,2,3,mrna,mRNA,1,0.6788782051282052,0.6995228884590586,0.8666666666666667,3.5155301094055176
RF,13,2,3,rppa,RPPA,1,0.5631089743589743,0.5832078588404406,0.762962962962963,2.544588565826416
RF,13,2,3,mutations+cnv,Mutations+CNV,2,0.4205929487179487,0.40471362024998375,0.6370370370370371,2.5197160243988037
RF,13,2,3,mutations+mrna,Mutations+mRNA,2,0.6656570512820513,0.674911815870467,0.8148148148148148,2.5187418460845947
RF,13,2,3,mutations+rppa,Mutations+RPPA,2,0.5418589743589743,0.5615866460161761,0.7333333333333333,2.5621705055236816
RF,13,2,3,cnv+mrna,CNV+mRNA,2,0.6089102564102564,0.6382877953941783,0.7925925925925926,4.1605799198150635
RF,13,2,3,cnv+rppa,CNV+RPPA,2,0.524775641025641,0.5592876067118044,0.725925925925926,2.95149564743042
RF,13,2,3,mrna+rppa,mRNA+RPPA,2,0.6671794871794872,0.6915668675150636,0.8518518518518519,2.487642526626587
RF,13,2,3,mutations+cnv+mrna,Mutations+CNV+mRNA,3,0.593525641025641,0.6233970390916574,0.7851851851851852,2.785306692123413
RF,13,2,3,mutations+cnv+rppa,Mutations+CNV+RPPA,3,0.521298076923077,0.5471111111111111,0.725925925925926,2.9759914875030518
RF,13,2,3,mutations+mrna+rppa,Mutations+mRNA+RPPA,3,0.6513461538461539,0.6737902998772565,0.8222222222222222,4.8940534591674805
RF,13,2,3,cnv+mrna+rppa,CNV+mRNA+RPPA,3,0.6742628205128205,0.6951548735436204,0.8518518518518519,2.824958324432373
RF,13,2,3,mutations+cnv+mrna+rppa,Mutations+CNV+mRNA+RPPA,4,0.6226282051282052,0.6500935038755169,0.8,3.065156936645508
XGB,13,2,3,EMPTY,Baseline,0,0.2,0.12864321608040202,0.4740740740740741,0.0
XGB,13,2,3,mutations,Mutations,1,0.35184294871794874,0.3259630701096468,0.5407407407407407,10.104093313217163
XGB,13,2,3,cnv,CNV,1,0.44980769230769224,0.4722260936895083,0.6222222222222222,6.413645029067993
XGB,13,2,3,mrna,mRNA,1,0.7845833333333333,0.7905155367231639,0.8814814814814815,8.279453754425049
XGB,13,2,3,rppa,RPPA,1,0.5914102564102565,0.6034937611408199,0.762962962962963,5.6937243938446045
XGB,13,2,3,mutations+cnv,Mutations+CNV,2,0.5517147435897436,0.5708608058608058,0.674074074074074,15.26209831237793
XGB,13,2,3,mutations+mrna,Mutations+mRNA,2,0.7845833333333333,0.7905155367231639,0.8814814814814815,12.797074317932129
XGB,13,2,3,mutations+rppa,Mutations+RPPA,2,0.6166185897435896,0.6516286514605841,0.7407407407407407,14.450998306274414
XGB,13,2,3,cnv+mrna,CNV+mRNA,2,0.8202724358974359,0.8432563303099018,0.8962962962962963,12.849658250808716
XGB,13,2,3,cnv+rppa,CNV+RPPA,2,0.7020032051282051,0.7193850541343625,0.7777777777777778,14.382923364639282
XGB,13,2,3,mrna+rppa,mRNA+RPPA,2,0.8321153846153846,0.8492365063190684,0.9037037037037037,12.771837949752808
XGB,13,2,3,mutations+cnv+mrna,Mutations+CNV+mRNA,3,0.797147435897436,0.8260965507454612,0.8666666666666667,17.711011171340942
XGB,13,2,3,mutations+cnv+rppa,Mutations+CNV+RPPA,3,0.7474198717948718,0.7318320610687022,0.7703703703703704,19.32135844230652
XGB,13,2,3,mutations+mrna+rppa,Mutations+mRNA+RPPA,3,0.8289903846153847,0.8526870792989382,0.8962962962962963,19.96890902519226
XGB,13,2,3,cnv+mrna+rppa,CNV+mRNA+RPPA,3,0.825448717948718,0.8436700409606814,0.8962962962962963,17.816036224365234
XGB,13,2,3,mutations+cnv+mrna+rppa,Mutations+CNV+mRNA+RPPA,4,0.8167307692307693,0.84234728963793,0.8962962962962963,21.01066303253174
SVM,13,2,3,EMPTY,Baseline,0,0.2,0.12864321608040202,0.4740740740740741,0.0
SVM,13,2,3,mutations,Mutations,1,0.3607371794871795,0.3061147118046816,0.5333333333333333,0.028003692626953125
SVM,13,2,3,cnv,CNV,1,0.6366826923076923,0.5307317741953911,0.5703703703703704,0.04083704948425293
SVM,13,2,3,mrna,mRNA,1,0.9072916666666668,0.9161000175932441,0.9333333333333333,0.01642131805419922
SVM,13,2,3,rppa,RPPA,1,0.6456891025641026,0.6454064163638531,0.762962962962963,0.021675825119018555
SVM,13,2,3,mutations+cnv,Mutations+CNV,2,0.6366826923076923,0.5307317741953911,0.5703703703703704,0.030338048934936523
SVM,13,2,3,mutations+mrna,Mutations+mRNA,2,0.9072916666666668,0.9161000175932441,0.9333333333333333,0.02130866050720215
SVM,13,2,3,mutations+rppa,Mutations+RPPA,2,0.6440224358974359,0.6384063964709126,0.762962962962963,0.028702735900878906
SVM,13,2,3,cnv+mrna,CNV+mRNA,2,0.9106570512820514,0.8808805573511457,0.8592592592592593,0.025975942611694336
SVM,13,2,3,cnv+rppa,CNV+RPPA,2,0.647451923076923,0.570271267163196,0.6074074074074074,0.030790328979492188
SVM,13,2,3,mrna+rppa,mRNA+RPPA,2,0.8989583333333334,0.9054443760262725,0.9259259259259259,0.021364688873291016
SVM,13,2,3,mutations+cnv+mrna,Mutations+CNV+mRNA,3,0.9106570512820514,0.8808805573511457,0.8592592592592593,0.03126645088195801
SVM,13,2,3,mutations+cnv+rppa,Mutations+CNV+RPPA,3,0.650576923076923,0.5773101338350902,0.6148148148148148,0.03754401206970215
SVM,13,2,3,mutations+mrna+rppa,Mutations+mRNA+RPPA,3,0.8989583333333334,0.9054443760262725,0.9259259259259259,0.02590155601501465
SVM,13,2,3,cnv+mrna+rppa,CNV+mRNA+RPPA,3,0.9106570512820514,0.8808805573511457,0.8592592592592593,0.034986019134521484
SVM,13,2,3,mutations+cnv+mrna+rppa,Mutations+CNV+mRNA+RPPA,4,0.9106570512820514,0.8808805573511457,0.8592592592592593,0.03492546081542969
RF,14,2,4,EMPTY,Baseline,0,0.2,0.12864321608040202,0.4740740740740741,0.0
RF,14,2,4,mutations,Mutations,1,0.3479166666666667,0.2699904122722915,0.5777777777777777,2.745507001876831
RF,14,2,4,cnv,CNV,1,0.5155241935483871,0.5531227770664391,0.6666666666666666,3.5035786628723145
RF,14,2,4,mrna,mRNA,1,0.6184139784946237,0.6192252964426876,0.8,2.0718846321105957
RF,14,2,4,rppa,RPPA,1,0.4961693548387097,0.5072191628424418,0.725925925925926,2.1172938346862793
RF,14,2,4,mutations+cnv,Mutations+CNV,2,0.406619623655914,0.3780325275363672,0.6296296296296297,2.5001537799835205
RF,14,2,4,mutations+mrna,Mutations+mRNA,2,0.5988575268817204,0.5980340765822556,0.7925925925925926,2.501351833343506
RF,14,2,4,mutations+rppa,Mutations+RPPA,2,0.4839045698924732,0.47418338893591594,0.7037037037037037,4.423243761062622
RF,14,2,4,cnv+mrna,CNV+mRNA,2,0.6561155913978494,0.6963871909990804,0.8222222222222222,2.69677734375
RF,14,2,4,cnv+rppa,CNV+RPPA,2,0.578864247311828,0.6291003023726047,0.762962962962963,2.483635425567627
RF,14,2,4,mrna+rppa,mRNA+RPPA,2,0.6071908602150538,0.614938007805003,0.7925925925925926,2.489912986755371
RF,14,2,4,mutations+cnv+mrna,Mutations+CNV+mRNA,3,0.6067540322580645,0.6097213865271419,0.8,2.927767276763916
RF,14,2,4,mutations+cnv+rppa,Mutations+CNV+RPPA,3,0.519489247311828,0.519088669950739,0.7407407407407407,4.77350115776062
RF,14,2,4,mutations+mrna+rppa,Mutations+mRNA+RPPA,3,0.575739247311828,0.5834266396213658,0.7777777777777778,2.7682154178619385
RF,14,2,4,cnv+mrna+rppa,CNV+mRNA+RPPA,3,0.6311155913978495,0.6442803824883537,0.8222222222222222,2.746912956237793
RF,14,2,4,mutations+cnv+mrna+rppa,Mutations+CNV+mRNA+RPPA,4,0.5950940860215054,0.6033419309791415,0.8,3.0308876037597656
XGB,14,2,4,EMPTY,Baseline,0,0.2,0.12864321608040202,0.4740740740740741,0.0
XGB,14,2,4,mutations,Mutations,1,0.3884744623655914,0.36745519713261643,0.6,10.088568687438965
XGB,14,2,4,cnv,CNV,1,0.5255040322580645,0.5393270559228005,0.6666666666666666,8.292468786239624
XGB,14,2,4,mrna,mRNA,1,0.6860887096774194,0.6718177503559563,0.8444444444444444,6.0794758796691895
XGB,14,2,4,rppa,RPPA,1,0.5704973118279569,0.5827077497665732,0.7703703703703704,5.661983489990234
XGB,14,2,4,mutations+cnv,Mutations+CNV,2,0.5528225806451613,0.5707177033492823,0.6814814814814815,15.499599695205688
XGB,14,2,4,mutations+mrna,Mutations+mRNA,2,0.6975470430107528,0.679385701998498,0.8592592592592593,12.535113334655762
XGB,14,2,4,mutations+rppa,Mutations+RPPA,2,0.5692540322580645,0.5678166803015353,0.762962962962963,14.398593664169312
XGB,14,2,4,cnv+mrna,CNV+mRNA,2,0.7052755376344086,0.7087132252018084,0.8222222222222222,12.671204090118408
XGB,14,2,4,cnv+rppa,CNV+RPPA,2,0.6309139784946236,0.6519854046508959,0.7703703703703704,14.118648052215576
XGB,14,2,4,mrna+rppa,mRNA+RPPA,2,0.6794354838709677,0.6716036701924303,0.8518518518518519,12.591721296310425
XGB,14,2,4,mutations+cnv+mrna,Mutations+CNV+mRNA,3,0.7334005376344086,0.7347306631090628,0.8444444444444444,17.17965316772461
XGB,14,2,4,mutations+cnv+rppa,Mutations+CNV+RPPA,3,0.5704973118279569,0.5797436749580319,0.7703703703703704,19.807655572891235
XGB,14,2,4,mutations+mrna+rppa,Mutations+mRNA+RPPA,3,0.6858870967741936,0.6736703508641793,0.8592592592592593,19.740644454956055
XGB,14,2,4,cnv+mrna+rppa,CNV+mRNA+RPPA,3,0.7134072580645161,0.737374643505315,0.837037037037037,16.89279818534851
XGB,14,2,4,mutations+cnv+mrna+rppa,Mutations+CNV+mRNA+RPPA,4,0.7263104838709677,0.7488193384223918,0.8518518518518519,20.719122886657715
SVM,14,2,4,EMPTY,Baseline,0,0.2,0.12864321608040202,0.4740740740740741,0.0
SVM,14,2,4,mutations,Mutations,1,0.37456317204301076,0.3249136354399512,0.5851851851851851,0.028638124465942383
SVM,14,2,4,cnv,CNV,1,0.5915322580645161,0.534459300961764,0.6074074074074074,0.023773193359375
SVM,14,2,4,mrna,mRNA,1,0.7510752688172044,0.7446837379938425,0.8592592592592593,0.015972614288330078
SVM,14,2,4,rppa,RPPA,1,0.6096438172043012,0.6131927459476809,0.762962962962963,0.032517433166503906
SVM,14,2,4,mutations+cnv,Mutations+CNV,2,0.5915322580645161,0.534459300961764,0.6074074074074074,0.03932070732116699
SVM,14,2,4,mutations+mrna,Mutations+mRNA,2,0.7510752688172044,0.7446837379938425,0.8592592592592593,0.03309941291809082
SVM,14,2,4,mutations+rppa,Mutations+RPPA,2,0.6063172043010753,0.6060775825481708,0.762962962962963,0.043898582458496094
SVM,14,2,4,cnv+mrna,CNV+mRNA,2,0.7687836021505376,0.7571153312124563,0.8222222222222222,0.039180755615234375
SVM,14,2,4,cnv+rppa,CNV+RPPA,2,0.6061155913978494,0.5548223205366062,0.6296296296296297,0.04491233825683594
SVM,14,2,4,mrna+rppa,mRNA+RPPA,2,0.7542002688172044,0.7521388902955723,0.8666666666666667,0.030367374420166016
SVM,14,2,4,mutations+cnv+mrna,Mutations+CNV+mRNA,3,0.7687836021505376,0.7571153312124563,0.8222222222222222,0.046414852142333984
SVM,14,2,4,mutations+cnv+rppa,Mutations+CNV+RPPA,3,0.6061155913978494,0.5548223205366062,0.6296296296296297,0.054009437561035156
SVM,14,2,4,mutations+mrna+rppa,Mutations+mRNA+RPPA,3,0.7573252688172044,0.7672012558869702,0.8740740740740741,0.03670382499694824
SVM,14,2,4,cnv+mrna+rppa,CNV+mRNA+RPPA,3,0.7687836021505376,0.7571153312124563,0.8222222222222222,0.044259071350097656
SVM,14,2,4,mutations+cnv+mrna+rppa,Mutations+CNV+mRNA+RPPA,4,0.7687836021505376,0.7571153312124563,0.8222222222222222,0.0485532283782959
RF,15,3,0,EMPTY,Baseline,0,0.2,0.1293532338308458,0.47794117647058826,0.0
RF,15,3,0,mutations,Mutations,1,0.34564246412773764,0.3019166019166019,0.5735294117647058,3.598625898361206
RF,15,3,0,cnv,CNV,1,0.3884561441363686,0.40325108853410746,0.625,2.4005093574523926
RF,15,3,0,mrna,mRNA,1,0.617607077354623,0.6469891395154553,0.8161764705882353,2.0869758129119873
RF,15,3,0,rppa,RPPA,1,0.5029237242420972,0.5133497133497134,0.7058823529411765,2.1079394817352295
RF,15,3,0,mutations+cnv,Mutations+CNV,2,0.41683029453015424,0.40086929330831766,0.6470588235294118,2.541198968887329
RF,15,3,0,mutations+mrna,Mutations+mRNA,2,0.519382889200561,0.536629674673153,0.75,3.9322104454040527
RF,15,3,0,mutations+rppa,Mutations+RPPA,2,0.4411479123961592,0.4358831958864272,0.6544117647058824,3.4606752395629883
RF,15,3,0,cnv+mrna,CNV+mRNA,2,0.5779048441040027,0.6104086021505377,0.8014705882352942,2.4926974773406982
RF,15,3,0,cnv+rppa,CNV+RPPA,2,0.5287301758550005,0.5571616789008094,0.7352941176470589,2.5242490768432617
RF,15,3,0,mrna+rppa,mRNA+RPPA,2,0.5957708490667818,0.6254901960784314,0.8014705882352942,2.5209593772888184
RF,15,3,0,mutations+cnv+mrna,Mutations+CNV+mRNA,3,0.5434631567590895,0.5667054173448036,0.7647058823529411,4.577064037322998
RF,15,3,0,mutations+cnv+rppa,Mutations+CNV+RPPA,3,0.4629841406840004,0.4704221015913402,0.6691176470588235,3.2486884593963623
RF,15,3,0,mutations+mrna+rppa,Mutations+mRNA+RPPA,3,0.5473729636422483,0.5724682781948685,0.7794117647058824,2.8226840496063232
RF,15,3,0,cnv+mrna+rppa,CNV+mRNA+RPPA,3,0.5496170029129356,0.5701828584431838,0.7794117647058824,2.7772860527038574
RF,15,3,0,mutations+cnv+mrna+rppa,Mutations+CNV+mRNA+RPPA,4,0.5442960405653252,0.567123527225829,0.7720588235294118,4.237366437911987
XGB,15,3,0,EMPTY,Baseline,0,0.2,0.1293532338308458,0.47794117647058826,0.0
XGB,15,3,0,mutations,Mutations,1,0.3493418923292696,0.37376623376623375,0.5294117647058824,8.153652667999268
XGB,15,3,0,cnv,CNV,1,0.450754126658755,0.45188747415985214,0.6397058823529411,9.82056450843811
XGB,15,3,0,mrna,mRNA,1,0.7443068292156652,0.8037825059101655,0.8676470588235294,4.718034267425537
XGB,15,3,0,rppa,RPPA,1,0.6239982738159456,0.6285864179539493,0.7941176470588235,8.885934114456177
XGB,15,3,0,mutations+cnv,Mutations+CNV,2,0.39133887150717445,0.38576230154870367,0.6102941176470589,15.63909101486206
XGB,15,3,0,mutations+mrna,Mutations+mRNA,2,0.7815276728881217,0.832295154296607,0.8897058823529411,9.444026708602905
XGB,15,3,0,mutations+rppa,Mutations+RPPA,2,0.5926335095479556,0.5935419501133786,0.7647058823529411,14.271111726760864
XGB,15,3,0,cnv+mrna,CNV+mRNA,2,0.7590959111015212,0.7950864132270237,0.8602941176470589,12.781079769134521
XGB,15,3,0,cnv+rppa,CNV+RPPA,2,0.6323961592404791,0.6312709810000678,0.8088235294117647,14.310027599334717
XGB,15,3,0,mrna+rppa,mRNA+RPPA,2,0.7275574495630597,0.7681882656350741,0.8676470588235294,12.742594003677368
XGB,15,3,0,mutations+cnv+mrna,Mutations+CNV+mRNA,3,0.7621728341784443,0.8104491725768321,0.8676470588235294,17.28625226020813
XGB,15,3,0,mutations+cnv+rppa,Mutations+CNV+RPPA,3,0.6005135397561765,0.610204081632653,0.7941176470588235,22.414501428604126
XGB,15,3,0,mutations+mrna+rppa,Mutations+mRNA+RPPA,3,0.7090959111015211,0.7526536731634182,0.8529411764705882,17.18189525604248
XGB,15,3,0,cnv+mrna+rppa,CNV+mRNA+RPPA,3,0.7711058366598339,0.8169424743892829,0.8676470588235294,16.993669033050537
XGB,15,3,0,mutations+cnv+mrna+rppa,Mutations+CNV+mRNA+RPPA,4,0.711577300679685,0.7466981875492513,0.8455882352941176,24.276530027389526
SVM,15,3,0,EMPTY,Baseline,0,0.2,0.1293532338308458,0.47794117647058826,0.0
SVM,15,3,0,mutations,Mutations,1,0.39433811630165067,0.36274142772058193,0.5882352941176471,0.027601003646850586
SVM,15,3,0,cnv,CNV,1,0.7493364980040996,0.6220971493045961,0.6691176470588235,0.03098773956298828
SVM,15,3,0,mrna,mRNA,1,0.8640835041536304,0.8316546872903607,0.8970588235294118,0.01883697509765625
SVM,15,3,0,rppa,RPPA,1,0.6268378465853922,0.6118497253234094,0.75,0.023746490478515625
SVM,15,3,0,mutations+cnv,Mutations+CNV,2,0.7493364980040996,0.6220971493045961,0.6691176470588235,0.033532142639160156
SVM,15,3,0,mutations+mrna,Mutations+mRNA,2,0.8640835041536304,0.8316546872903607,0.8970588235294118,0.0219881534576416
SVM,15,3,0,mutations+rppa,Mutations+RPPA,2,0.6299147696623153,0.6156546922862711,0.7573529411764706,0.029389381408691406
SVM,15,3,0,cnv+mrna,CNV+mRNA,2,0.879939583558097,0.7995590802913457,0.8308823529411765,0.029140949249267578
SVM,15,3,0,cnv+rppa,CNV+RPPA,2,0.7066209947135613,0.6232913165266106,0.6764705882352942,0.03563833236694336
SVM,15,3,0,mrna+rppa,mRNA+RPPA,2,0.8576318912504046,0.8268474596713403,0.8897058823529411,0.022136211395263672
SVM,15,3,0,mutations+cnv+mrna,Mutations+CNV+mRNA,3,0.879939583558097,0.7995590802913457,0.8308823529411765,0.03441953659057617
SVM,15,3,0,mutations+cnv+rppa,Mutations+CNV+RPPA,3,0.7035440716366382,0.6162449844802785,0.6691176470588235,0.03738570213317871
SVM,15,3,0,mutations+mrna+rppa,Mutations+mRNA+RPPA,3,0.8607088143273277,0.8394835347074153,0.8970588235294118,0.025508880615234375
SVM,15,3,0,cnv+mrna+rppa,CNV+mRNA+RPPA,3,0.8731902039054915,0.7934533099750491,0.8308823529411765,0.03359174728393555
SVM,15,3,0,mutations+cnv+mrna+rppa,Mutations+CNV+mRNA+RPPA,4,0.8731902039054915,0.7934533099750491,0.8308823529411765,0.03616070747375488
RF,16,3,1,EMPTY,Baseline,0,0.2,0.1293532338308458,0.47794117647058826,0.0
RF,16,3,1,mutations,Mutations,1,0.3804250728233898,0.31631401137980086,0.6029411764705882,2.662712335586548
RF,16,3,1,cnv,CNV,1,0.3552583881756392,0.3886538446429553,0.49264705882352944,2.105933904647827
RF,16,3,1,mrna,mRNA,1,0.5985500053943251,0.6035104955019277,0.7867647058823529,2.07742977142334
RF,16,3,1,rppa,RPPA,1,0.5484431977559607,0.5712915316330844,0.75,2.327991008758545
RF,16,3,1,mutations+cnv,Mutations+CNV,2,0.41800409968712915,0.36960886758047,0.6470588235294118,4.440296411514282
RF,16,3,1,mutations+mrna,Mutations+mRNA,2,0.5943424317617867,0.6044448908008614,0.7794117647058824,2.489389419555664
RF,16,3,1,mutations+rppa,Mutations+RPPA,2,0.5344697378357968,0.554855430030732,0.7352941176470589,2.5250661373138428
RF,16,3,1,cnv+mrna,CNV+mRNA,2,0.6236368540295609,0.6692320686663927,0.7720588235294118,2.477769374847412
RF,16,3,1,cnv+rppa,CNV+RPPA,2,0.5331718631999137,0.5936629958173272,0.6764705882352942,2.8606045246124268
RF,16,3,1,mrna+rppa,mRNA+RPPA,2,0.6028179954687668,0.6182758620689655,0.7941176470588235,4.293449640274048
RF,16,3,1,mutations+cnv+mrna,Mutations+CNV+mRNA,3,0.5534491315136477,0.5571836068720606,0.7352941176470589,2.780224323272705
RF,16,3,1,mutations+cnv+rppa,Mutations+CNV+RPPA,3,0.5061818966447297,0.5246852071582985,0.7132352941176471,2.7871334552764893
RF,16,3,1,mutations+mrna+rppa,Mutations+mRNA+RPPA,3,0.5857071960297767,0.605228977497039,0.7720588235294118,2.760104179382324
RF,16,3,1,cnv+mrna+rppa,CNV+mRNA+RPPA,3,0.5899147696623153,0.6146877312094704,0.7794117647058824,4.187251806259155
RF,16,3,1,mutations+cnv+mrna+rppa,Mutations+CNV+mRNA+RPPA,4,0.5728039702233251,0.582806008309364,0.7573529411764706,3.8059329986572266
XGB,16,3,1,EMPTY,Baseline,0,0.2,0.1293532338308458,0.47794117647058826,0.0
XGB,16,3,1,mutations,Mutations,1,0.39529183299169274,0.37038741885273907,0.5955882352941176,6.520015239715576
XGB,16,3,1,cnv,CNV,1,0.47802459812277487,0.49358563933599,0.5661764705882353,9.729814529418945
XGB,16,3,1,mrna,mRNA,1,0.7367245657568238,0.7662055780476833,0.8308823529411765,4.917729616165161
XGB,16,3,1,rppa,RPPA,1,0.6014068400043155,0.6035878703851828,0.7426470588235294,9.115691900253296
XGB,16,3,1,mutations+cnv,Mutations+CNV,2,0.44404790160750884,0.43672643146327356,0.5808823529411765,15.146043062210083
XGB,16,3,1,mutations+mrna,Mutations+mRNA,2,0.6738213399503722,0.6958740419244621,0.8088235294117647,13.066451072692871
XGB,16,3,1,mutations+rppa,Mutations+RPPA,2,0.5714704930413205,0.5755857872105012,0.7352941176470589,14.41716480255127
XGB,16,3,1,cnv+mrna,CNV+mRNA,2,0.7554838709677419,0.7822494172494172,0.8382352941176471,11.091294765472412
XGB,16,3,1,cnv+rppa,CNV+RPPA,2,0.6169651526594022,0.6338245564504146,0.7132352941176471,12.947893142700195
XGB,16,3,1,mrna+rppa,mRNA+RPPA,2,0.7499255583126552,0.7869536217823663,0.8382352941176471,12.617066621780396
XGB,16,3,1,mutations+cnv+mrna,Mutations+CNV+mRNA,3,0.7392059553349876,0.7517935985583044,0.8235294117647058,20.53118109703064
XGB,16,3,1,mutations+cnv+rppa,Mutations+CNV+RPPA,3,0.6155971517963102,0.6441218637992832,0.7205882352941176,19.94870638847351
XGB,16,3,1,mutations+mrna+rppa,Mutations+mRNA+RPPA,3,0.7370223325062034,0.7582171440931985,0.8235294117647058,17.332473039627075
XGB,16,3,1,cnv+mrna+rppa,CNV+mRNA+RPPA,3,0.7274937965260546,0.7561102271417041,0.8088235294117647,17.033602952957153
XGB,16,3,1,mutations+cnv+mrna+rppa,Mutations+CNV+mRNA+RPPA,4,0.7241191066997519,0.7421720488961867,0.8088235294117647,24.4705011844635
SVM,16,3,1,EMPTY,Baseline,0,0.2,0.1293532338308458,0.47794117647058826,0.0
SVM,16,3,1,mutations,Mutations,1,0.3807228395727694,0.3358524423337856,0.5661764705882353,0.027974367141723633
SVM,16,3,1,cnv,CNV,1,0.6079782069263135,0.5290576099620303,0.5588235294117647,0.023784160614013672
SVM,16,3,1,mrna,mRNA,1,0.7843672456575682,0.7811512551223341,0.8455882352941176,0.01628279685974121
SVM,16,3,1,rppa,RPPA,1,0.5978552163124393,0.5972713908258339,0.6911764705882353,0.021754026412963867
SVM,16,3,1,mutations+cnv,Mutations+CNV,2,0.6079782069263135,0.5290576099620303,0.5588235294117647,0.0327610969543457
SVM,16,3,1,mutations+mrna,Mutations+mRNA,2,0.7843672456575682,0.7811512551223341,0.8455882352941176,0.022069931030273438
SVM,16,3,1,mutations+rppa,Mutations+RPPA,2,0.6073837522925881,0.601111111111111,0.7058823529411765,0.029102802276611328
SVM,16,3,1,cnv+mrna,CNV+mRNA,2,0.7940694789081887,0.7709877886204874,0.7647058823529411,0.02769017219543457
SVM,16,3,1,cnv+rppa,CNV+RPPA,2,0.6475639227532636,0.5762027567429592,0.6102941176470589,0.03300738334655762
SVM,16,3,1,mrna+rppa,mRNA+RPPA,2,0.7843672456575682,0.7811512551223341,0.8455882352941176,0.022485733032226562
SVM,16,3,1,mutations+cnv+mrna,Mutations+CNV+mRNA,3,0.7940694789081887,0.7709877886204874,0.7647058823529411,0.03172779083251953
SVM,16,3,1,mutations+cnv+rppa,Mutations+CNV+RPPA,3,0.6562595749271767,0.5844603174603173,0.6176470588235294,0.03742194175720215
SVM,16,3,1,mutations+mrna+rppa,Mutations+mRNA+RPPA,3,0.7843672456575682,0.7811512551223341,0.8455882352941176,0.024855852127075195
SVM,16,3,1,cnv+mrna+rppa,CNV+mRNA+RPPA,3,0.7940694789081887,0.7709877886204874,0.7647058823529411,0.03222250938415527
SVM,16,3,1,mutations+cnv+mrna+rppa,Mutations+CNV+mRNA+RPPA,4,0.7940694789081887,0.7709877886204874,0.7647058823529411,0.043087005615234375
RF,17,3,2,EMPTY,Baseline,0,0.2,0.12864321608040202,0.4740740740740741,0.0
RF,17,3,2,mutations,Mutations,1,0.3372647849462365,0.3051474002289278,0.5703703703703704,2.22037935256958
RF,17,3,2,cnv,CNV,1,0.4129549214226634,0.42973695225216524,0.5555555555555556,2.0842413902282715
RF,17,3,2,mrna,mRNA,1,0.6063146195202647,0.6113352374907437,0.8,2.8297953605651855
RF,17,3,2,rppa,RPPA,1,0.522169665012407,0.5285747126436781,0.6962962962962963,3.364394426345825
RF,17,3,2,mutations+cnv,Mutations+CNV,2,0.48526674937965264,0.49815421769880974,0.6518518518518519,2.530172824859619
RF,17,3,2,mutations+mrna,Mutations+mRNA,2,0.507909429280397,0.5166546618647458,0.725925925925926,2.5379202365875244
RF,17,3,2,mutations+rppa,Mutations+RPPA,2,0.4520962572373863,0.46321052631578946,0.6666666666666666,2.525284767150879
RF,17,3,2,cnv+mrna,CNV+mRNA,2,0.6502998345740282,0.6966225803182325,0.7851851851851852,3.25314998626709
RF,17,3,2,cnv+rppa,CNV+RPPA,2,0.5593103804797354,0.5971015233834025,0.6962962962962963,3.8178906440734863
RF,17,3,2,mrna+rppa,mRNA+RPPA,2,0.6179306244830438,0.6196070311336214,0.7851851851851852,2.5537431240081787
RF,17,3,2,mutations+cnv+mrna,Mutations+CNV+mRNA,3,0.5804280397022332,0.6232165877845391,0.7481481481481481,2.873852491378784
RF,17,3,2,mutations+cnv+rppa,Mutations+CNV+RPPA,3,0.5557821546732837,0.6117050691244239,0.7037037037037037,2.862942695617676
RF,17,3,2,mutations+mrna+rppa,Mutations+mRNA+RPPA,3,0.5796629445822995,0.5777913515056372,0.762962962962963,4.604447603225708
RF,17,3,2,cnv+mrna+rppa,CNV+mRNA+RPPA,3,0.6806710090984285,0.727997383911053,0.8,3.0864999294281006
RF,17,3,2,mutations+cnv+mrna+rppa,Mutations+CNV+mRNA+RPPA,4,0.6201302729528536,0.6667563025210084,0.762962962962963,3.0503432750701904
XGB,17,3,2,EMPTY,Baseline,0,0.2,0.12864321608040202,0.4740740740740741,0.0
XGB,17,3,2,mutations,Mutations,1,0.36279208023159637,0.3641532040188255,0.5703703703703704,10.055917263031006
XGB,17,3,2,cnv,CNV,1,0.5007366625310173,0.49917684305744003,0.5777777777777777,6.33242654800415
XGB,17,3,2,mrna,mRNA,1,0.6747079197684037,0.6545145221209051,0.8222222222222222,8.197620630264282
XGB,17,3,2,rppa,RPPA,1,0.5725392886683209,0.5726763183906041,0.7481481481481481,5.70419454574585
XGB,17,3,2,mutations+cnv,Mutations+CNV,2,0.5116340984284533,0.5115524294285633,0.6370370370370371,15.290367364883423
XGB,17,3,2,mutations+mrna,Mutations+mRNA,2,0.6599669148056245,0.6432188383045526,0.8296296296296296,13.273253917694092
XGB,17,3,2,mutations+rppa,Mutations+RPPA,2,0.5417648883374689,0.532934472934473,0.7111111111111111,14.580078125
XGB,17,3,2,cnv+mrna,CNV+mRNA,2,0.7060354631927213,0.7073193430377616,0.8074074074074075,12.772941827774048
XGB,17,3,2,cnv+rppa,CNV+RPPA,2,0.6323123449131514,0.632017543859649,0.725925925925926,14.251971006393433
XGB,17,3,2,mrna+rppa,mRNA+RPPA,2,0.6684579197684037,0.6465792399718507,0.8074074074074075,12.701807737350464
XGB,17,3,2,mutations+cnv+mrna,Mutations+CNV+mRNA,3,0.718938688999173,0.7401968325791854,0.8222222222222222,17.402143716812134
XGB,17,3,2,mutations+cnv+rppa,Mutations+CNV+RPPA,3,0.6630402191894127,0.6492086412264093,0.7185185185185186,19.09649634361267
XGB,17,3,2,mutations+mrna+rppa,Mutations+mRNA+RPPA,3,0.6626499172870141,0.6434071428571428,0.8148148148148148,18.61446785926819
XGB,17,3,2,cnv+mrna+rppa,CNV+mRNA+RPPA,3,0.7228649710504549,0.735807122552395,0.8148148148148148,18.989766359329224
XGB,17,3,2,mutations+cnv+mrna+rppa,Mutations+CNV+mRNA+RPPA,4,0.7376499172870141,0.7528006912442397,0.8296296296296296,21.15190029144287
SVM,17,3,2,EMPTY,Baseline,0,0.2,0.12864321608040202,0.4740740740740741,0.0
SVM,17,3,2,mutations,Mutations,1,0.4217586848635236,0.3685084969476984,0.5407407407407407,0.02725076675415039
SVM,17,3,2,cnv,CNV,1,0.6662892886683209,0.5295150501672241,0.5555555555555556,0.024268627166748047
SVM,17,3,2,mrna,mRNA,1,0.766940653432589,0.7399981419546637,0.8296296296296296,0.016143083572387695
SVM,17,3,2,rppa,RPPA,1,0.6849229735318445,0.6460709675719817,0.7407407407407407,0.022146940231323242
SVM,17,3,2,mutations+cnv,Mutations+CNV,2,0.6662892886683209,0.5295150501672241,0.5555555555555556,0.033330678939819336
SVM,17,3,2,mutations+mrna,Mutations+mRNA,2,0.766940653432589,0.7399981419546637,0.8296296296296296,0.0232241153717041
SVM,17,3,2,mutations+rppa,Mutations+RPPA,2,0.688489971050455,0.6679784208765474,0.7703703703703704,0.03103923797607422
SVM,17,3,2,cnv+mrna,CNV+mRNA,2,0.7533938172043011,0.7241144845034788,0.8,0.027728796005249023
SVM,17,3,2,cnv+rppa,CNV+RPPA,2,0.6358405707196029,0.5438535541519058,0.5925925925925926,0.032824039459228516
SVM,17,3,2,mrna+rppa,mRNA+RPPA,2,0.766940653432589,0.7433621742242432,0.8296296296296296,0.02281022071838379
SVM,17,3,2,mutations+cnv+mrna,Mutations+CNV+mRNA,3,0.7533938172043011,0.7241144845034788,0.8,0.030933380126953125
SVM,17,3,2,mutations+cnv+rppa,Mutations+CNV+RPPA,3,0.6306322373862696,0.5408423725735589,0.5925925925925926,0.036698102951049805
SVM,17,3,2,mutations+mrna+rppa,Mutations+mRNA+RPPA,3,0.766940653432589,0.7433621742242432,0.8296296296296296,0.025301694869995117
SVM,17,3,2,cnv+mrna+rppa,CNV+mRNA+RPPA,3,0.7533938172043011,0.7241144845034788,0.8,0.03131675720214844
SVM,17,3,2,mutations+cnv+mrna+rppa,Mutations+CNV+mRNA+RPPA,4,0.7533938172043011,0.7241144845034788,0.8,0.03628969192504883
RF,18,3,3,EMPTY,Baseline,0,0.2,0.12864321608040202,0.4740740740740741,0.0
RF,18,3,3,mutations,Mutations,1,0.3227083333333333,0.2753389904645263,0.5259259259259259,2.620425224304199
RF,18,3,3,cnv,CNV,1,0.38814102564102565,0.41220779220779213,0.562962962962963,3.5084073543548584
RF,18,3,3,mrna,mRNA,1,0.6051602564102565,0.6165570082091821,0.8,2.1676220893859863
RF,18,3,3,rppa,RPPA,1,0.5150160256410257,0.5443939427207986,0.7111111111111111,2.1113927364349365
RF,18,3,3,mutations+cnv,Mutations+CNV,2,0.3961538461538462,0.38493531125110075,0.6,3.082379102706909
RF,18,3,3,mutations+mrna,Mutations+mRNA,2,0.568525641025641,0.5836829836829838,0.762962962962963,2.659295082092285
RF,18,3,3,mutations+rppa,Mutations+RPPA,2,0.49112179487179486,0.49837323057076716,0.6962962962962963,4.503582715988159
RF,18,3,3,cnv+mrna,CNV+mRNA,2,0.6572115384615385,0.7063847528290649,0.8,2.445772171020508
RF,18,3,3,cnv+rppa,CNV+RPPA,2,0.5468910256410257,0.6096164430684554,0.6962962962962963,2.4402737617492676
RF,18,3,3,mrna+rppa,mRNA+RPPA,2,0.6040865384615385,0.609830985915493,0.7851851851851852,2.470559597015381
RF,18,3,3,mutations+cnv+mrna,Mutations+CNV+mRNA,3,0.6607532051282051,0.7089514370920476,0.8,3.186404228210449
RF,18,3,3,mutations+cnv+rppa,Mutations+CNV+RPPA,3,0.49112179487179486,0.503027473250529,0.6962962962962963,4.59040379524231
RF,18,3,3,mutations+mrna+rppa,Mutations+mRNA+RPPA,3,0.5670352564102565,0.5801168293404318,0.7555555555555555,2.7464747428894043
RF,18,3,3,cnv+mrna+rppa,CNV+mRNA+RPPA,3,0.6605448717948719,0.7069350124586083,0.8,2.729205846786499
RF,18,3,3,mutations+cnv+mrna+rppa,Mutations+CNV+mRNA+RPPA,4,0.6139102564102565,0.6672448979591836,0.7555555555555555,2.9841597080230713
XGB,18,3,3,EMPTY,Baseline,0,0.2,0.12864321608040202,0.4740740740740741,0.0
XGB,18,3,3,mutations,Mutations,1,0.3324358974358974,0.32929211348917903,0.5111111111111111,9.928730010986328
XGB,18,3,3,cnv,CNV,1,0.512275641025641,0.5613424042330866,0.6222222222222222,9.654603004455566
XGB,18,3,3,mrna,mRNA,1,0.7311378205128205,0.7547263854860591,0.8666666666666667,4.67435622215271
XGB,18,3,3,rppa,RPPA,1,0.5966185897435897,0.6060851056549209,0.762962962962963,7.294462203979492
XGB,18,3,3,mutations+cnv,Mutations+CNV,2,0.5268589743589744,0.5583213230465642,0.6444444444444445,16.358673810958862
XGB,18,3,3,mutations+mrna,Mutations+mRNA,2,0.7122115384615385,0.7380705610179293,0.8592592592592593,10.141818284988403
XGB,18,3,3,mutations+rppa,Mutations+RPPA,2,0.5701923076923077,0.5807284383538067,0.7333333333333333,14.460871696472168
XGB,18,3,3,cnv+mrna,CNV+mRNA,2,0.7206891025641026,0.7392989857441685,0.8296296296296296,12.664350271224976
XGB,18,3,3,cnv+rppa,CNV+RPPA,2,0.6615865384615385,0.6956944500288154,0.7851851851851852,14.17192006111145
XGB,18,3,3,mrna+rppa,mRNA+RPPA,2,0.7500641025641025,0.7734379905808477,0.8740740740740741,12.593449592590332
XGB,18,3,3,mutations+cnv+mrna,Mutations+CNV+mRNA,3,0.7304807692307692,0.7490664276046336,0.8444444444444444,17.190673112869263
XGB,18,3,3,mutations+cnv+rppa,Mutations+CNV+RPPA,3,0.6193589743589744,0.6491980774095624,0.7555555555555555,22.684205532073975
XGB,18,3,3,mutations+mrna+rppa,Mutations+mRNA+RPPA,3,0.7280128205128206,0.7551383102600596,0.8592592592592593,17.040138483047485
XGB,18,3,3,cnv+mrna+rppa,CNV+mRNA+RPPA,3,0.7552724358974359,0.7803227856144364,0.8740740740740741,17.005513906478882
XGB,18,3,3,mutations+cnv+mrna+rppa,Mutations+CNV+mRNA+RPPA,4,0.7433974358974359,0.7679609162255226,0.8666666666666667,23.98170518875122
SVM,18,3,3,EMPTY,Baseline,0,0.2,0.12864321608040202,0.4740740740740741,0.0
SVM,18,3,3,mutations,Mutations,1,0.3742147435897436,0.34522756756389616,0.5111111111111111,0.02817821502685547
SVM,18,3,3,cnv,CNV,1,0.5375160256410256,0.482743336328242,0.5333333333333333,0.023817062377929688
SVM,18,3,3,mrna,mRNA,1,0.8044391025641027,0.8002164502164503,0.8666666666666667,0.01699995994567871
SVM,18,3,3,rppa,RPPA,1,0.6878365384615386,0.7114007128651603,0.7851851851851852,0.022394657135009766
SVM,18,3,3,mutations+cnv,Mutations+CNV,2,0.5375160256410256,0.482743336328242,0.5333333333333333,0.030180692672729492
SVM,18,3,3,mutations+mrna,Mutations+mRNA,2,0.8044391025641027,0.8002164502164503,0.8666666666666667,0.02094435691833496
SVM,18,3,3,mutations+rppa,Mutations+RPPA,2,0.6976282051282052,0.7207803654706193,0.8,0.0291445255279541
SVM,18,3,3,cnv+mrna,CNV+mRNA,2,0.7821474358974358,0.7724352104471262,0.8222222222222222,0.025142192840576172
SVM,18,3,3,cnv+rppa,CNV+RPPA,2,0.5473076923076923,0.49091422095793147,0.5481481481481482,0.03473162651062012
SVM,18,3,3,mrna+rppa,mRNA+RPPA,2,0.8075641025641026,0.8078249315954235,0.8740740740740741,0.021121978759765625
SVM,18,3,3,mutations+cnv+mrna,Mutations+CNV+mRNA,3,0.7821474358974358,0.7724352104471262,0.8222222222222222,0.031920671463012695
SVM,18,3,3,mutations+cnv+rppa,Mutations+CNV+RPPA,3,0.5473076923076923,0.49091422095793147,0.5481481481481482,0.03667259216308594
SVM,18,3,3,mutations+mrna+rppa,Mutations+mRNA+RPPA,3,0.8075641025641026,0.8078249315954235,0.8740740740740741,0.025779008865356445
SVM,18,3,3,cnv+mrna+rppa,CNV+mRNA+RPPA,3,0.7821474358974358,0.7724352104471262,0.8222222222222222,0.03169655799865723
SVM,18,3,3,mutations+cnv+mrna+rppa,Mutations+CNV+mRNA+RPPA,4,0.7821474358974358,0.7724352104471262,0.8222222222222222,0.035230159759521484
RF,19,3,4,EMPTY,Baseline,0,0.2,0.12864321608040202,0.4740740740740741,0.0
RF,19,3,4,mutations,Mutations,1,0.3745631720430107,0.31431277201312047,0.5925925925925926,2.186586380004883
RF,19,3,4,cnv,CNV,1,0.4601478494623656,0.502988896963072,0.6074074074074074,2.121281623840332
RF,19,3,4,mrna,mRNA,1,0.7194556451612903,0.7647981150502159,0.8592592592592593,2.073131799697876
RF,19,3,4,rppa,RPPA,1,0.5847110215053763,0.5946739276240918,0.762962962962963,2.094024181365967
RF,19,3,4,mutations+cnv,Mutations+CNV,2,0.4212029569892473,0.3965944210315071,0.6518518518518519,4.501266241073608
RF,19,3,4,mutations+mrna,Mutations+mRNA,2,0.572614247311828,0.5949348370927318,0.7703703703703704,2.771162986755371
RF,19,3,4,mutations+rppa,Mutations+RPPA,2,0.4809811827956989,0.47652283862810174,0.6814814814814815,2.6058804988861084
RF,19,3,4,cnv+mrna,CNV+mRNA,2,0.7053091397849462,0.7628630136986301,0.8148148148148148,2.5478522777557373
RF,19,3,4,cnv+rppa,CNV+RPPA,2,0.6065860215053764,0.6438288288288289,0.7481481481481481,2.885751247406006
RF,19,3,4,mrna+rppa,mRNA+RPPA,2,0.6577956989247312,0.6746454960564549,0.8444444444444444,4.379764556884766
RF,19,3,4,mutations+cnv+mrna,Mutations+CNV+mRNA,3,0.6148857526881721,0.6368008825151682,0.8148148148148148,2.8724396228790283
RF,19,3,4,mutations+cnv+rppa,Mutations+CNV+RPPA,3,0.5334677419354839,0.5384207889375062,0.725925925925926,2.849348545074463
RF,19,3,4,mutations+mrna+rppa,Mutations+mRNA+RPPA,3,0.6213373655913978,0.6400097439506306,0.8222222222222222,2.8200430870056152
RF,19,3,4,cnv+mrna+rppa,CNV+mRNA+RPPA,3,0.6655241935483871,0.7124480477122355,0.8074074074074075,4.3377954959869385
RF,19,3,4,mutations+cnv+mrna+rppa,Mutations+CNV+mRNA+RPPA,4,0.6148857526881721,0.637936936936937,0.8148148148148148,3.7134761810302734
XGB,19,3,4,EMPTY,Baseline,0,0.2,0.12864321608040202,0.4740740740740741,0.0
XGB,19,3,4,mutations,Mutations,1,0.36538978494623653,0.31943960004650623,0.562962962962963,6.528078079223633
XGB,19,3,4,cnv,CNV,1,0.6338373655913979,0.6424676150821188,0.6814814814814815,9.865356922149658
XGB,19,3,4,mrna,mRNA,1,0.8094086021505376,0.8450235928301171,0.8740740740740741,4.709230899810791
XGB,19,3,4,rppa,RPPA,1,0.6386088709677419,0.6364398793511046,0.8,9.31770634651184
XGB,19,3,4,mutations+cnv,Mutations+CNV,2,0.5063844086021506,0.5335935994750485,0.6592592592592592,15.604313850402832
XGB,19,3,4,mutations+mrna,Mutations+mRNA,2,0.7983870967741936,0.8280084902177925,0.8518518518518519,13.016395330429077
XGB,19,3,4,mutations+rppa,Mutations+RPPA,2,0.5940524193548387,0.5924430641821947,0.7703703703703704,14.43705439567566
XGB,19,3,4,cnv+mrna,CNV+mRNA,2,0.8100470430107526,0.8181405895691609,0.8592592592592593,12.94368863105774
XGB,19,3,4,cnv+rppa,CNV+RPPA,2,0.6669354838709678,0.6851940554335749,0.8,14.238027811050415
XGB,19,3,4,mrna+rppa,mRNA+RPPA,2,0.8194220430107526,0.847268704931335,0.8814814814814815,9.376635074615479
XGB,19,3,4,mutations+cnv+mrna,Mutations+CNV+mRNA,3,0.7688172043010753,0.8119990224828934,0.8296296296296296,21.00228476524353
XGB,19,3,4,mutations+cnv+rppa,Mutations+CNV+RPPA,3,0.564247311827957,0.5672958446739311,0.7481481481481481,19.431930780410767
XGB,19,3,4,mutations+mrna+rppa,Mutations+mRNA+RPPA,3,0.8154569892473118,0.8432552015554909,0.8962962962962963,17.44726538658142
XGB,19,3,4,cnv+mrna+rppa,CNV+mRNA+RPPA,3,0.8129704301075268,0.8253322867608581,0.8740740740740741,19.488800764083862
XGB,19,3,4,mutations+cnv+mrna+rppa,Mutations+CNV+mRNA+RPPA,4,0.7992271505376344,0.8270963122090942,0.8814814814814815,22.250678300857544
SVM,19,3,4,EMPTY,Baseline,0,0.2,0.12864321608040202,0.4740740740740741,0.0
SVM,19,3,4,mutations,Mutations,1,0.3625,0.2990328820116054,0.5555555555555556,0.04228019714355469
SVM,19,3,4,cnv,CNV,1,0.682997311827957,0.5908432772346216,0.6148148148148148,0.027350664138793945
SVM,19,3,4,mrna,mRNA,1,0.8831653225806452,0.8673233270794245,0.8814814814814815,0.016812801361083984
SVM,19,3,4,rppa,RPPA,1,0.7046370967741936,0.6979183045277761,0.7851851851851852,0.021924257278442383
SVM,19,3,4,mutations+cnv,Mutations+CNV,2,0.686122311827957,0.598705704999441,0.6222222222222222,0.030326128005981445
SVM,19,3,4,mutations+mrna,Mutations+mRNA,2,0.8831653225806452,0.8673233270794245,0.8814814814814815,0.021155834197998047
SVM,19,3,4,mutations+rppa,Mutations+RPPA,2,0.7046370967741936,0.6981381123942836,0.7851851851851852,0.02814936637878418
SVM,19,3,4,cnv+mrna,CNV+mRNA,2,0.8660618279569892,0.8480776140855193,0.8814814814814815,0.0260927677154541
SVM,19,3,4,cnv+rppa,CNV+RPPA,2,0.7073588709677419,0.6185956658877012,0.6444444444444445,0.030086040496826172
SVM,19,3,4,mrna+rppa,mRNA+RPPA,2,0.8831653225806452,0.8673233270794245,0.8814814814814815,0.021058320999145508
SVM,19,3,4,mutations+cnv+mrna,Mutations+CNV+mRNA,3,0.8596102150537636,0.8431190865512278,0.8740740740740741,0.03161954879760742
SVM,19,3,4,mutations+cnv+rppa,Mutations+CNV+RPPA,3,0.713608870967742,0.6342623753058535,0.6592592592592592,0.03661823272705078
SVM,19,3,4,mutations+mrna+rppa,Mutations+mRNA+RPPA,3,0.8831653225806452,0.8673233270794245,0.8814814814814815,0.025692224502563477
SVM,19,3,4,cnv+mrna+rppa,CNV+mRNA+RPPA,3,0.8660618279569892,0.8480776140855193,0.8814814814814815,0.03159642219543457
SVM,19,3,4,mutations+cnv+mrna+rppa,Mutations+CNV+mRNA+RPPA,4,0.8660618279569892,0.8480776140855193,0.8814814814814815,0.03674173355102539
RF,20,4,0,EMPTY,Baseline,0,0.2,0.1293532338308458,0.47794117647058826,0.0
RF,20,4,0,mutations,Mutations,1,0.3498931923616356,0.2834940004067521,0.5514705882352942,2.181495189666748
RF,20,4,0,cnv,CNV,1,0.38117164742690685,0.3997435174627751,0.5808823529411765,2.6781556606292725
RF,20,4,0,mrna,mRNA,1,0.6484367245657567,0.6679684799889404,0.8308823529411765,3.518385410308838
RF,20,4,0,rppa,RPPA,1,0.5492588197216528,0.5662307846678708,0.7279411764705882,2.1606364250183105
RF,20,4,0,mutations+cnv,Mutations+CNV,2,0.41907433380084147,0.398799782605948,0.6176470588235294,2.5834898948669434
RF,20,4,0,mutations+mrna,Mutations+mRNA,2,0.5871356133347718,0.6060662525879917,0.7647058823529411,2.5416224002838135
RF,20,4,0,mutations+rppa,Mutations+RPPA,2,0.469793936778509,0.4671173358232181,0.6691176470588235,2.9054362773895264
RF,20,4,0,cnv+mrna,CNV+mRNA,2,0.6201488833746899,0.6456252953485183,0.8088235294117647,4.207501649856567
RF,20,4,0,cnv+rppa,CNV+RPPA,2,0.5438774409321394,0.5643303517831354,0.7205882352941176,2.4896771907806396
RF,20,4,0,mrna+rppa,mRNA+RPPA,2,0.6287841191066998,0.6408288288288289,0.7867647058823529,2.4842729568481445
RF,20,4,0,mutations+cnv+mrna,Mutations+CNV+mRNA,3,0.593289459488618,0.6176980915078064,0.7794117647058824,2.8211851119995117
RF,20,4,0,mutations+cnv+rppa,Mutations+CNV+RPPA,3,0.46671701370158597,0.4635054443273622,0.6617647058823529,3.888688087463379
RF,20,4,0,mutations+mrna+rppa,Mutations+mRNA+RPPA,3,0.5742323875283202,0.5961682829160033,0.75,3.8799631595611572
RF,20,4,0,cnv+mrna+rppa,CNV+mRNA+RPPA,3,0.608078541374474,0.623754920028212,0.7720588235294118,2.8471689224243164
RF,20,4,0,mutations+cnv+mrna+rppa,Mutations+CNV+mRNA+RPPA,4,0.596366382565541,0.6217616625841672,0.7867647058823529,3.0155274868011475
XGB,20,4,0,EMPTY,Baseline,0,0.2,0.1293532338308458,0.47794117647058826,0.0
XGB,20,4,0,mutations,Mutations,1,0.3605523788974,0.32376278772378514,0.5367647058823529,10.268194437026978
XGB,20,4,0,cnv,CNV,1,0.4783256014672565,0.48087267636307074,0.6176470588235294,7.476844549179077
XGB,20,4,0,mrna,mRNA,1,0.6465508684863523,0.6559596897227891,0.7941176470588235,7.710764646530151
XGB,20,4,0,rppa,RPPA,1,0.5920983924910994,0.5881436365563106,0.7205882352941176,5.707667112350464
XGB,20,4,0,mutations+cnv,Mutations+CNV,2,0.5765465530262165,0.5970807453416149,0.6838235294117647,18.33715796470642
XGB,20,4,0,mutations+mrna,Mutations+mRNA,2,0.6496277915632754,0.6598440074503904,0.8014705882352942,10.183778762817383
XGB,20,4,0,mutations+rppa,Mutations+RPPA,2,0.5901521199697918,0.5788352299803663,0.7132352941176471,14.372057437896729
XGB,20,4,0,cnv+mrna,CNV+mRNA,2,0.6650124069478908,0.6713368288069367,0.8088235294117647,12.98944091796875
XGB,20,4,0,cnv+rppa,CNV+RPPA,2,0.5976135505448269,0.5957976795280745,0.7205882352941176,14.285135269165039
XGB,20,4,0,mrna+rppa,mRNA+RPPA,2,0.6798014888337469,0.6727016363008013,0.8014705882352942,12.598302364349365
XGB,20,4,0,mutations+cnv+mrna,Mutations+CNV+mRNA,3,0.6400992555831265,0.6477470601537766,0.7867647058823529,17.473220109939575
XGB,20,4,0,mutations+cnv+rppa,Mutations+CNV+RPPA,3,0.6060114359693602,0.5963532259198842,0.7352941176470589,22.09129571914673
XGB,20,4,0,mutations+mrna+rppa,Mutations+mRNA+RPPA,3,0.6828784119106699,0.6766563617627448,0.8088235294117647,17.668927431106567
XGB,20,4,0,cnv+mrna+rppa,CNV+mRNA+RPPA,3,0.685955334987593,0.6837122545894042,0.8161764705882353,17.1438410282135
XGB,20,4,0,mutations+cnv+mrna+rppa,Mutations+CNV+mRNA+RPPA,4,0.6733498759305211,0.6670267321331151,0.7941176470588235,21.38277840614319
SVM,20,4,0,EMPTY,Baseline,0,0.2,0.1293532338308458,0.47794117647058826,0.0
SVM,20,4,0,mutations,Mutations,1,0.4061711079943898,0.36497748046238154,0.5735294117647058,0.04780268669128418
SVM,20,4,0,cnv,CNV,1,0.6933563491207251,0.6016183102932043,0.6102941176470589,0.03950357437133789
SVM,20,4,0,mrna,mRNA,1,0.799454094292804,0.8017470741530441,0.8308823529411765,0.026409626007080078
SVM,20,4,0,rppa,RPPA,1,0.6505739561980796,0.6448371229625683,0.6838235294117647,0.03548717498779297
SVM,20,4,0,mutations+cnv,Mutations+CNV,2,0.6933563491207251,0.5977029663778605,0.6102941176470589,0.0542299747467041
SVM,20,4,0,mutations+mrna,Mutations+mRNA,2,0.799454094292804,0.8017470741530441,0.8308823529411765,0.04693722724914551
SVM,20,4,0,mutations+rppa,Mutations+RPPA,2,0.6444201100442334,0.6308325008325008,0.6691176470588235,0.04721236228942871
SVM,20,4,0,cnv+mrna,CNV+mRNA,2,0.7902233250620349,0.7783038418619481,0.8088235294117647,0.04324793815612793
SVM,20,4,0,cnv+rppa,CNV+RPPA,2,0.7247211133887151,0.6352887048539222,0.6397058823529411,0.05049419403076172
SVM,20,4,0,mrna+rppa,mRNA+RPPA,2,0.8086848635235733,0.8184684065934066,0.8529411764705882,0.03182411193847656
SVM,20,4,0,mutations+cnv+mrna,Mutations+CNV+mRNA,3,0.7902233250620349,0.7783038418619481,0.8088235294117647,0.04392552375793457
SVM,20,4,0,mutations+cnv+rppa,Mutations+CNV+RPPA,3,0.7247211133887151,0.6352887048539222,0.6397058823529411,0.057360172271728516
SVM,20,4,0,mutations+mrna+rppa,Mutations+mRNA+RPPA,3,0.8117617866004962,0.8392844364937389,0.8602941176470589,0.03508639335632324
SVM,20,4,0,cnv+mrna+rppa,CNV+mRNA+RPPA,3,0.7902233250620349,0.7783038418619481,0.8088235294117647,0.048386573791503906
SVM,20,4,0,mutations+cnv+mrna+rppa,Mutations+CNV+mRNA+RPPA,4,0.7902233250620349,0.7783038418619481,0.8088235294117647,0.05201268196105957
RF,21,4,1,EMPTY,Baseline,0,0.2,0.1293532338308458,0.47794117647058826,0.0
RF,21,4,1,mutations,Mutations,1,0.3520940770309634,0.30313137902733645,0.5808823529411765,3.5318756103515625
RF,21,4,1,cnv,CNV,1,0.4519376416010357,0.4849638549328952,0.6029411764705882,2.0542008876800537
RF,21,4,1,mrna,mRNA,1,0.6642928039702233,0.7126757990867579,0.8235294117647058,2.0866425037384033
RF,21,4,1,rppa,RPPA,1,0.5268874743769555,0.5412048434657131,0.7279411764705882,2.1292078495025635
RF,21,4,1,mutations+cnv,Mutations+CNV,2,0.3711511489912612,0.34410122316162584,0.5808823529411765,2.5666871070861816
RF,21,4,1,mutations+mrna,Mutations+mRNA,2,0.5745301542776999,0.5901937941260492,0.7720588235294118,4.346814393997192
RF,21,4,1,mutations+rppa,Mutations+RPPA,2,0.49079728126011435,0.4888010982306284,0.7058823529411765,2.894406795501709
RF,21,4,1,cnv+mrna,CNV+mRNA,2,0.6486104218362283,0.6953527851458886,0.7941176470588235,2.4987645149230957
RF,21,4,1,cnv+rppa,CNV+RPPA,2,0.5204358614737297,0.5335134053621448,0.7205882352941176,2.4781055450439453
RF,21,4,1,mrna+rppa,mRNA+RPPA,2,0.6271960297766749,0.648058608058608,0.8308823529411765,2.520024299621582
RF,21,4,1,mutations+cnv+mrna,Mutations+CNV+mRNA,3,0.603289459488618,0.6447884934538078,0.7794117647058824,4.907970428466797
RF,21,4,1,mutations+cnv+rppa,Mutations+CNV+RPPA,3,0.48855324198942707,0.4910172217297708,0.7058823529411765,2.733924150466919
RF,21,4,1,mutations+mrna+rppa,Mutations+mRNA+RPPA,3,0.5837609235084691,0.6058059855521156,0.7941176470588235,2.765852212905884
RF,21,4,1,cnv+mrna+rppa,CNV+mRNA+RPPA,3,0.6021588089330024,0.6401163542340014,0.7794117647058824,2.7590343952178955
RF,21,4,1,mutations+cnv+mrna+rppa,Mutations+CNV+mRNA+RPPA,4,0.6022828784119107,0.6200069645738612,0.8088235294117647,4.641355276107788
XGB,21,4,1,EMPTY,Baseline,0,0.2,0.1293532338308458,0.47794117647058826,0.0
XGB,21,4,1,mutations,Mutations,1,0.3392081130650556,0.3253639885294561,0.5367647058823529,7.541656494140625
XGB,21,4,1,cnv,CNV,1,0.5003959434674723,0.525799842395587,0.5955882352941176,9.888355731964111
XGB,21,4,1,mrna,mRNA,1,0.7214640198511166,0.7490259019915128,0.8529411764705882,4.736070156097412
XGB,21,4,1,rppa,RPPA,1,0.622470600927824,0.6314648956356737,0.8088235294117647,9.195730447769165
XGB,21,4,1,mutations+cnv,Mutations+CNV,2,0.47370374366166795,0.47278823074455,0.625,15.289434909820557
XGB,21,4,1,mutations+mrna,Mutations+mRNA,2,0.6999255583126551,0.7277347734646464,0.8308823529411765,9.797488689422607
XGB,21,4,1,mutations+rppa,Mutations+RPPA,2,0.6068486352357321,0.6074831401348789,0.7794117647058824,13.870428800582886
XGB,21,4,1,cnv+mrna,CNV+mRNA,2,0.7395037220843672,0.7730363230543925,0.8161764705882353,12.777317762374878
XGB,21,4,1,cnv+rppa,CNV+RPPA,2,0.7370223325062034,0.7805535321052814,0.8235294117647058,14.297374725341797
XGB,21,4,1,mrna+rppa,mRNA+RPPA,2,0.7276178660049627,0.7670777401869839,0.8676470588235294,12.758692026138306
XGB,21,4,1,mutations+cnv+mrna,Mutations+CNV+mRNA,3,0.6898014888337468,0.715731595437157,0.8014705882352942,17.380173683166504
XGB,21,4,1,mutations+cnv+rppa,Mutations+CNV+RPPA,3,0.6659553349875931,0.7042395863818164,0.75,22.64106774330139
XGB,21,4,1,mutations+mrna+rppa,Mutations+mRNA+RPPA,3,0.7183870967741935,0.7548668207314824,0.8455882352941176,17.21287226676941
XGB,21,4,1,cnv+mrna+rppa,CNV+mRNA+RPPA,3,0.7054838709677419,0.7390916559860659,0.8308823529411765,17.143124103546143
XGB,21,4,1,mutations+cnv+mrna+rppa,Mutations+CNV+mRNA+RPPA,4,0.7057816377171215,0.7416187384044527,0.8235294117647058,24.274963855743408
SVM,21,4,1,EMPTY,Baseline,0,0.2,0.1293532338308458,0.47794117647058826,0.0
SVM,21,4,1,mutations,Mutations,1,0.3579501564354299,0.32229974930484623,0.5441176470588235,0.02815532684326172
SVM,21,4,1,cnv,CNV,1,0.6187409645053403,0.5361832576262089,0.5735294117647058,0.02431344985961914
SVM,21,4,1,mrna,mRNA,1,0.7497518610421837,0.7527444439403791,0.8455882352941176,0.016782522201538086
SVM,21,4,1,rppa,RPPA,1,0.687741935483871,0.6750941903340164,0.8308823529411765,0.02254009246826172
SVM,21,4,1,mutations+cnv,Mutations+CNV,2,0.6218178875822635,0.540086913086913,0.5808823529411765,0.03141307830810547
SVM,21,4,1,mutations+mrna,Mutations+mRNA,2,0.7497518610421837,0.7527444439403791,0.8455882352941176,0.026367902755737305
SVM,21,4,1,mutations+rppa,Mutations+RPPA,2,0.687741935483871,0.6750941903340164,0.8308823529411765,0.0313572883605957
SVM,21,4,1,cnv+mrna,CNV+mRNA,2,0.7628287841191067,0.7593976488875935,0.7941176470588235,0.025977373123168945
SVM,21,4,1,cnv+rppa,CNV+RPPA,2,0.6344233466393354,0.5673657432202152,0.6029411764705882,0.030564308166503906
SVM,21,4,1,mrna+rppa,mRNA+RPPA,2,0.7497518610421837,0.7527444439403791,0.8455882352941176,0.021085023880004883
SVM,21,4,1,mutations+cnv+mrna,Mutations+CNV+mRNA,3,0.7628287841191067,0.7593976488875935,0.7941176470588235,0.03125619888305664
SVM,21,4,1,mutations+cnv+rppa,Mutations+CNV+RPPA,3,0.6344233466393354,0.5673657432202152,0.6029411764705882,0.036850690841674805
SVM,21,4,1,mutations+mrna+rppa,Mutations+mRNA+RPPA,3,0.7997518610421837,0.7969984121943474,0.8529411764705882,0.026903152465820312
SVM,21,4,1,cnv+mrna+rppa,CNV+mRNA+RPPA,3,0.7628287841191067,0.7593976488875935,0.7941176470588235,0.03311800956726074
SVM,21,4,1,mutations+cnv+mrna+rppa,Mutations+CNV+mRNA+RPPA,4,0.7628287841191067,0.7593976488875935,0.7941176470588235,0.03639554977416992
RF,22,4,2,EMPTY,Baseline,0,0.2,0.12864321608040202,0.4740740740740741,0.0
RF,22,4,2,mutations,Mutations,1,0.3601814516129032,0.315764725292856,0.6,2.1444661617279053
RF,22,4,2,cnv,CNV,1,0.482064205955335,0.5365769496204279,0.6444444444444445,2.0691936016082764
RF,22,4,2,mrna,mRNA,1,0.6154052936311001,0.6396139432209045,0.8074074074074075,2.085554599761963
RF,22,4,2,rppa,RPPA,1,0.47785359801488825,0.49410650510061094,0.6888888888888889,2.5988175868988037
RF,22,4,2,mutations+cnv,Mutations+CNV,2,0.4492064722911497,0.45344575877059956,0.6666666666666666,4.104769468307495
RF,22,4,2,mutations+mrna,Mutations+mRNA,2,0.636641852770885,0.6587911547911547,0.8296296296296296,2.4888527393341064
RF,22,4,2,mutations+rppa,Mutations+RPPA,2,0.46395264681555004,0.4733119099274468,0.6814814814814815,2.50374436378479
RF,22,4,2,cnv+mrna,CNV+mRNA,2,0.6427626137303557,0.6931384432560903,0.7777777777777778,2.475461006164551
RF,22,4,2,cnv+rppa,CNV+RPPA,2,0.5457196029776675,0.5860624732563114,0.6814814814814815,3.190417528152466
RF,22,4,2,mrna+rppa,mRNA+RPPA,2,0.5979321753515302,0.6091358933464196,0.7851851851851852,3.8999953269958496
RF,22,4,2,mutations+cnv+mrna,Mutations+CNV+mRNA,3,0.5268171009098428,0.5502253302253303,0.7407407407407407,2.8090896606445312
RF,22,4,2,mutations+cnv+rppa,Mutations+CNV+RPPA,3,0.4535747518610421,0.46066765690692585,0.6814814814814815,2.792325735092163
RF,22,4,2,mutations+mrna+rppa,Mutations+mRNA+RPPA,3,0.6127171215880893,0.6271156913262177,0.8,2.7626116275787354
RF,22,4,2,cnv+mrna+rppa,CNV+mRNA+RPPA,3,0.5696443341604632,0.5840027279547159,0.762962962962963,4.383573532104492
RF,22,4,2,mutations+cnv+mrna+rppa,Mutations+CNV+mRNA+RPPA,4,0.5677626137303557,0.5896832541468701,0.762962962962963,3.558795213699341
XGB,22,4,2,EMPTY,Baseline,0,0.2,0.12864321608040202,0.4740740740740741,0.0
XGB,22,4,2,mutations,Mutations,1,0.3734543010752688,0.35015286512928023,0.5851851851851851,6.552365303039551
XGB,22,4,2,cnv,CNV,1,0.562156224152192,0.5844281644281644,0.674074074074074,9.763478517532349
XGB,22,4,2,mrna,mRNA,1,0.8267524813895782,0.847633322472032,0.8814814814814815,4.69482421875
XGB,22,4,2,rppa,RPPA,1,0.5618770678246485,0.5662592592592592,0.7333333333333333,9.167572975158691
XGB,22,4,2,mutations+cnv,Mutations+CNV,2,0.497852047146402,0.5037825059101655,0.6888888888888889,15.42850947380066
XGB,22,4,2,mutations+mrna,Mutations+mRNA,2,0.8281973738626964,0.8496943580867817,0.8814814814814815,12.997025966644287
XGB,22,4,2,mutations+rppa,Mutations+RPPA,2,0.6454120140612076,0.6771654432523998,0.7481481481481481,14.662934064865112
XGB,22,4,2,cnv+mrna,CNV+mRNA,2,0.8163745864350703,0.8436849222447599,0.8814814814814815,12.733841896057129
XGB,22,4,2,cnv+rppa,CNV+RPPA,2,0.6650408395368073,0.6483144306673718,0.725925925925926,15.03702712059021
XGB,22,4,2,mrna+rppa,mRNA+RPPA,2,0.8059527502067825,0.827736900780379,0.8592592592592593,9.765913009643555
XGB,22,4,2,mutations+cnv+mrna,Mutations+CNV+mRNA,3,0.800989971050455,0.8319607843137253,0.8740740740740741,20.228715896606445
XGB,22,4,2,mutations+cnv+rppa,Mutations+CNV+RPPA,3,0.6323071753515302,0.6314247921390778,0.7407407407407407,19.327805042266846
XGB,22,4,2,mutations+mrna+rppa,Mutations+mRNA+RPPA,3,0.8317592018196859,0.8559934318555008,0.8888888888888888,17.13262629508972
XGB,22,4,2,cnv+mrna+rppa,CNV+mRNA+RPPA,3,0.7880428039702233,0.7438987215609606,0.837037037037037,19.751752614974976
XGB,22,4,2,mutations+cnv+mrna+rppa,Mutations+CNV+mRNA+RPPA,4,0.8055159222497933,0.7737771654653706,0.8592592592592593,21.323543310165405
SVM,22,4,2,EMPTY,Baseline,0,0.2,0.12864321608040202,0.4740740740740741,0.0
SVM,22,4,2,mutations,Mutations,1,0.38065291563275433,0.3456975772765246,0.5481481481481482,0.028043270111083984
SVM,22,4,2,cnv,CNV,1,0.6389604011579818,0.5430115312416197,0.6148148148148148,0.024458646774291992
SVM,22,4,2,mrna,mRNA,1,0.8773960918114143,0.7857526080476901,0.8518518518518519,0.01949787139892578
SVM,22,4,2,rppa,RPPA,1,0.5697684036393714,0.5601229496521053,0.6814814814814815,0.02130413055419922
SVM,22,4,2,mutations+cnv,Mutations+CNV,2,0.6389604011579818,0.5430115312416197,0.6148148148148148,0.05101132392883301
SVM,22,4,2,mutations+mrna,Mutations+mRNA,2,0.8805210918114144,0.8008743169398909,0.8592592592592593,0.020940065383911133
SVM,22,4,2,mutations+rppa,Mutations+RPPA,2,0.5997363523573201,0.578813577402287,0.7111111111111111,0.02737283706665039
SVM,22,4,2,cnv+mrna,CNV+mRNA,2,0.8488678660049628,0.7487230465907339,0.8,0.026454448699951172
SVM,22,4,2,cnv+rppa,CNV+RPPA,2,0.6306270678246484,0.5415363069112553,0.6074074074074074,0.03158378601074219
SVM,22,4,2,mrna+rppa,mRNA+RPPA,2,0.8805210918114144,0.7946503979053541,0.8592592592592593,0.02125859260559082
SVM,22,4,2,mutations+cnv+mrna,Mutations+CNV+mRNA,3,0.8519928660049627,0.7615691835046674,0.8074074074074075,0.032591819763183594
SVM,22,4,2,mutations+cnv+rppa,Mutations+CNV+RPPA,3,0.6337520678246484,0.5461027955967371,0.6148148148148148,0.037950992584228516
SVM,22,4,2,mutations+mrna+rppa,Mutations+mRNA+RPPA,3,0.8805210918114144,0.7946503979053541,0.8592592592592593,0.02639007568359375
SVM,22,4,2,cnv+mrna+rppa,CNV+mRNA+RPPA,3,0.8488678660049628,0.7487230465907339,0.8,0.03808403015136719
SVM,22,4,2,mutations+cnv+mrna+rppa,Mutations+CNV+mRNA+RPPA,4,0.8519928660049627,0.7615691835046674,0.8074074074074075,0.036806583404541016
RF,23,4,3,EMPTY,Baseline,0,0.2,0.12864321608040202,0.4740740740740741,0.0
RF,23,4,3,mutations,Mutations,1,0.36416666666666664,0.3275695749643351,0.6074074074074074,2.1262316703796387
RF,23,4,3,cnv,CNV,1,0.4971314102564103,0.5011864027858298,0.5777777777777777,2.652305841445923
RF,23,4,3,mrna,mRNA,1,0.7155448717948718,0.7552790297604042,0.8592592592592593,3.6331076622009277
RF,23,4,3,rppa,RPPA,1,0.536298076923077,0.5467460618199536,0.7407407407407407,2.116525888442993
RF,23,4,3,mutations+cnv,Mutations+CNV,2,0.47282051282051285,0.5097646769452869,0.6370370370370371,2.569816827774048
RF,23,4,3,mutations+mrna,Mutations+mRNA,2,0.6014102564102565,0.6222131915178272,0.8,2.5291574001312256
RF,23,4,3,mutations+rppa,Mutations+RPPA,2,0.49463141025641033,0.508886346300534,0.6962962962962963,2.7514216899871826
RF,23,4,3,cnv+mrna,CNV+mRNA,2,0.7695032051282051,0.794637027350986,0.8592592592592593,4.440623998641968
RF,23,4,3,cnv+rppa,CNV+RPPA,2,0.5654647435897436,0.5980690974237157,0.7111111111111111,2.5035650730133057
RF,23,4,3,mrna+rppa,mRNA+RPPA,2,0.6301602564102564,0.648407395560105,0.8222222222222222,2.449467420578003
RF,23,4,3,mutations+cnv+mrna,Mutations+CNV+mRNA,3,0.606474358974359,0.6585986394557823,0.762962962962963,2.833451747894287
RF,23,4,3,mutations+cnv+rppa,Mutations+CNV+RPPA,3,0.5044551282051282,0.515089732052138,0.7111111111111111,3.819293260574341
RF,23,4,3,mutations+mrna+rppa,Mutations+mRNA+RPPA,3,0.5714423076923077,0.5954440843548918,0.7703703703703704,4.074608087539673
RF,23,4,3,cnv+mrna+rppa,CNV+mRNA+RPPA,3,0.636474358974359,0.6796080781963134,0.7925925925925926,2.7616913318634033
RF,23,4,3,mutations+cnv+mrna+rppa,Mutations+CNV+mRNA+RPPA,4,0.5410897435897436,0.5602145344185006,0.7481481481481481,3.0635573863983154
XGB,23,4,3,EMPTY,Baseline,0,0.2,0.12864321608040202,0.4740740740740741,0.0
XGB,23,4,3,mutations,Mutations,1,0.34955128205128205,0.33458520583434914,0.5555555555555556,9.864282369613647
XGB,23,4,3,cnv,CNV,1,0.4862980769230769,0.48142252013219755,0.5851851851851851,6.2565083503723145
XGB,23,4,3,mrna,mRNA,1,0.8136057692307693,0.8096895769802173,0.8888888888888888,8.361090183258057
XGB,23,4,3,rppa,RPPA,1,0.587724358974359,0.6222085226043694,0.725925925925926,5.554129362106323
XGB,23,4,3,mutations+cnv,Mutations+CNV,2,0.5169230769230769,0.5224547803617571,0.5925925925925926,15.162158489227295
XGB,23,4,3,mutations+mrna,Mutations+mRNA,2,0.8119391025641025,0.8169617635189669,0.8888888888888888,13.015671730041504
XGB,23,4,3,mutations+rppa,Mutations+RPPA,2,0.538974358974359,0.5400342618799344,0.725925925925926,14.186620235443115
XGB,23,4,3,cnv+mrna,CNV+mRNA,2,0.8187820512820514,0.8218903928451553,0.8888888888888888,12.990834951400757
XGB,23,4,3,cnv+rppa,CNV+RPPA,2,0.6160576923076924,0.6294251370749067,0.7555555555555555,14.195578813552856
XGB,23,4,3,mrna+rppa,mRNA+RPPA,2,0.7919711538461538,0.79668165991351,0.8666666666666667,12.890644550323486
XGB,23,4,3,mutations+cnv+mrna,Mutations+CNV+mRNA,3,0.8144070512820513,0.813709045793589,0.8740740740740741,17.643723011016846
XGB,23,4,3,mutations+cnv+rppa,Mutations+CNV+RPPA,3,0.6098076923076923,0.6145529763325038,0.7407407407407407,22.81523370742798
XGB,23,4,3,mutations+mrna+rppa,Mutations+mRNA+RPPA,3,0.8017628205128204,0.8106618270626459,0.8814814814814815,17.396341562271118
XGB,23,4,3,cnv+mrna+rppa,CNV+mRNA+RPPA,3,0.8108974358974359,0.8065078070835183,0.8740740740740741,17.040069580078125
XGB,23,4,3,mutations+cnv+mrna+rppa,Mutations+CNV+mRNA+RPPA,4,0.7888461538461538,0.7935070567389069,0.8592592592592593,24.169761657714844
SVM,23,4,3,EMPTY,Baseline,0,0.2,0.12864321608040202,0.4740740740740741,0.0
SVM,23,4,3,mutations,Mutations,1,0.4140705128205129,0.37127414020962624,0.5111111111111111,0.02797722816467285
SVM,23,4,3,cnv,CNV,1,0.6166826923076923,0.540042328042328,0.5925925925925926,0.023424386978149414
SVM,23,4,3,mrna,mRNA,1,0.8486378205128204,0.8266427718040621,0.8814814814814815,0.015822887420654297
SVM,23,4,3,rppa,RPPA,1,0.6080448717948718,0.5998398289081519,0.7111111111111111,0.02134394645690918
SVM,23,4,3,mutations+cnv,Mutations+CNV,2,0.6083493589743589,0.5302617791090192,0.5851851851851851,0.03409242630004883
SVM,23,4,3,mutations+mrna,Mutations+mRNA,2,0.8486378205128204,0.8266427718040621,0.8814814814814815,0.02211928367614746
SVM,23,4,3,mutations+rppa,Mutations+RPPA,2,0.6178365384615384,0.604096590360282,0.725925925925926,0.03213763236999512
SVM,23,4,3,cnv+mrna,CNV+mRNA,2,0.7836057692307692,0.7569392357072566,0.7925925925925926,0.027798891067504883
SVM,23,4,3,cnv+rppa,CNV+RPPA,2,0.6148397435897437,0.5386658021434215,0.5925925925925926,0.03337383270263672
SVM,23,4,3,mrna+rppa,mRNA+RPPA,2,0.8486378205128204,0.8266427718040621,0.8814814814814815,0.021986007690429688
SVM,23,4,3,mutations+cnv+mrna,Mutations+CNV+mRNA,3,0.7836057692307692,0.7569392357072566,0.7925925925925926,0.03185462951660156
SVM,23,4,3,mutations+cnv+rppa,Mutations+CNV+RPPA,3,0.6148397435897437,0.5386658021434215,0.5925925925925926,0.03731966018676758
SVM,23,4,3,mutations+mrna+rppa,Mutations+mRNA+RPPA,3,0.8455128205128204,0.8223254613498515,0.8740740740740741,0.024701356887817383
SVM,23,4,3,cnv+mrna+rppa,CNV+mRNA+RPPA,3,0.7867307692307692,0.7609865934677964,0.8,0.03146219253540039
SVM,23,4,3,mutations+cnv+mrna+rppa,Mutations+CNV+mRNA+RPPA,4,0.7867307692307692,0.7609865934677964,0.8,0.03454732894897461
RF,24,4,4,EMPTY,Baseline,0,0.2,0.12864321608040202,0.4740740740740741,0.0
RF,24,4,4,mutations,Mutations,1,0.3595766129032258,0.2945831210731873,0.5851851851851851,2.2112367153167725
RF,24,4,4,cnv,CNV,1,0.460752688172043,0.5109874044084571,0.6296296296296297,2.136409044265747
RF,24,4,4,mrna,mRNA,1,0.5353158602150538,0.5340446757753199,0.7703703703703704,2.0745925903320312
RF,24,4,4,rppa,RPPA,1,0.5803091397849462,0.6061583441887393,0.7777777777777778,2.6192679405212402
RF,24,4,4,mutations+cnv,Mutations+CNV,2,0.460383064516129,0.4450959415860078,0.6370370370370371,4.059859752655029
RF,24,4,4,mutations+mrna,Mutations+mRNA,2,0.490356182795699,0.4851791475632535,0.7111111111111111,2.5041117668151855
RF,24,4,4,mutations+rppa,Mutations+RPPA,2,0.4826612903225806,0.47590852827261265,0.6888888888888889,2.582847833633423
RF,24,4,4,cnv+mrna,CNV+mRNA,2,0.6040658602150537,0.6401718542895013,0.7777777777777778,2.4822771549224854
RF,24,4,4,cnv+rppa,CNV+RPPA,2,0.5861559139784946,0.634862645379132,0.7407407407407407,3.4394025802612305
RF,24,4,4,mrna+rppa,mRNA+RPPA,2,0.6136424731182796,0.6204256651017215,0.8074074074074075,3.582399845123291
RF,24,4,4,mutations+cnv+mrna,Mutations+CNV+mRNA,3,0.5115927419354839,0.5115571314001098,0.7333333333333333,2.7759697437286377
RF,24,4,4,mutations+cnv+rppa,Mutations+CNV+RPPA,3,0.5570228494623657,0.593385221589556,0.725925925925926,2.831937789916992
RF,24,4,4,mutations+mrna+rppa,Mutations+mRNA+RPPA,3,0.5571908602150537,0.5664061851155557,0.7777777777777778,2.8456478118896484
RF,24,4,4,cnv+mrna+rppa,CNV+mRNA+RPPA,3,0.6296706989247312,0.6405417118093174,0.8296296296296296,4.763294458389282
RF,24,4,4,mutations+cnv+mrna+rppa,Mutations+CNV+mRNA+RPPA,4,0.547614247311828,0.553798432332314,0.762962962962963,3.1006357669830322
XGB,24,4,4,EMPTY,Baseline,0,0.2,0.12864321608040202,0.4740740740740741,0.0
XGB,24,4,4,mutations,Mutations,1,0.466633064516129,0.4184020029453722,0.5851851851851851,6.6817779541015625
XGB,24,4,4,cnv,CNV,1,0.4803427419354839,0.49653017127458626,0.6222222222222222,9.460058212280273
XGB,24,4,4,mrna,mRNA,1,0.6755040322580645,0.7084997790507498,0.7925925925925926,4.698596954345703
XGB,24,4,4,rppa,RPPA,1,0.5882056451612903,0.5934412580943571,0.7851851851851852,8.750731945037842
XGB,24,4,4,mutations+cnv,Mutations+CNV,2,0.5455645161290323,0.5483577533577534,0.6444444444444445,15.105634927749634
XGB,24,4,4,mutations+mrna,Mutations+mRNA,2,0.5659274193548387,0.5591987085670264,0.762962962962963,12.432800531387329
XGB,24,4,4,mutations+rppa,Mutations+RPPA,2,0.6402889784946236,0.6748117933304708,0.7925925925925926,14.297202110290527
XGB,24,4,4,cnv+mrna,CNV+mRNA,2,0.751747311827957,0.7554030874785592,0.8222222222222222,12.383450746536255
XGB,24,4,4,cnv+rppa,CNV+RPPA,2,0.6350806451612903,0.6860441596950122,0.7925925925925926,13.970075845718384
XGB,24,4,4,mrna+rppa,mRNA+RPPA,2,0.6744287634408602,0.7054628454529956,0.8296296296296296,10.757267713546753
XGB,24,4,4,mutations+cnv+mrna,Mutations+CNV+mRNA,3,0.6825940860215054,0.6980209958859414,0.7851851851851852,18.45682120323181
XGB,24,4,4,mutations+cnv+rppa,Mutations+CNV+RPPA,3,0.6350806451612903,0.6776103896103896,0.7925925925925926,18.84019446372986
XGB,24,4,4,mutations+mrna+rppa,Mutations+mRNA+RPPA,3,0.598622311827957,0.5970580887822268,0.7925925925925926,16.644669771194458
XGB,24,4,4,cnv+mrna+rppa,CNV+mRNA+RPPA,3,0.7113239247311828,0.7348066748066747,0.8296296296296296,19.362603902816772
XGB,24,4,4,mutations+cnv+mrna+rppa,Mutations+CNV+mRNA+RPPA,4,0.651747311827957,0.6757746175393234,0.8074074074074075,20.839967727661133
SVM,24,4,4,EMPTY,Baseline,0,0.2,0.12864321608040202,0.4740740740740741,0.0
SVM,24,4,4,mutations,Mutations,1,0.3666666666666667,0.30263820204874603,0.5777777777777777,0.027828454971313477
SVM,24,4,4,cnv,CNV,1,0.6654905913978495,0.5956503417065172,0.6518518518518519,0.024097919464111328
SVM,24,4,4,mrna,mRNA,1,0.8408602150537636,0.8340967534554806,0.8740740740740741,0.016635656356811523
SVM,24,4,4,rppa,RPPA,1,0.6610887096774194,0.6477775634844102,0.7851851851851852,0.022238969802856445
SVM,24,4,4,mutations+cnv,Mutations+CNV,2,0.6623655913978495,0.591765083253142,0.6444444444444445,0.030579566955566406
SVM,24,4,4,mutations+mrna,Mutations+mRNA,2,0.8344086021505376,0.829004368401893,0.8666666666666667,0.020884275436401367
SVM,24,4,4,mutations+rppa,Mutations+RPPA,2,0.7006720430107526,0.7081266985514074,0.8,0.034870147705078125
SVM,24,4,4,cnv+mrna,CNV+mRNA,2,0.8356518817204301,0.79030256070585,0.8296296296296296,0.026193618774414062
SVM,24,4,4,cnv+rppa,CNV+RPPA,2,0.6854838709677419,0.6162394657801884,0.6666666666666666,0.03043532371520996
SVM,24,4,4,mrna+rppa,mRNA+RPPA,2,0.8806451612903226,0.8631855819440621,0.8962962962962963,0.021668195724487305
SVM,24,4,4,mutations+cnv+mrna,Mutations+CNV+mRNA,3,0.8387768817204302,0.7944546094299789,0.837037037037037,0.030686378479003906
SVM,24,4,4,mutations+cnv+rppa,Mutations+CNV+RPPA,3,0.6854838709677419,0.614698314108252,0.6666666666666666,0.036724090576171875
SVM,24,4,4,mutations+mrna+rppa,Mutations+mRNA+RPPA,3,0.8837701612903226,0.867479651496045,0.9037037037037037,0.025473833084106445
SVM,24,4,4,cnv+mrna+rppa,CNV+mRNA+RPPA,3,0.8387768817204302,0.7944546094299789,0.837037037037037,0.03088545799255371
SVM,24,4,4,mutations+cnv+mrna+rppa,Mutations+CNV+mRNA+RPPA,4,0.8387768817204302,0.7944546094299789,0.837037037037037,0.03433632850646973
RF,25,5,0,EMPTY,Baseline,0,0.2,0.1293532338308458,0.47794117647058826,0.0
RF,25,5,0,mutations,Mutations,1,0.40172618405437477,0.3471888214745357,0.6029411764705882,2.167588472366333
RF,25,5,0,cnv,CNV,1,0.4462056316754774,0.46729074425469114,0.6691176470588235,2.8242111206054688
RF,25,5,0,mrna,mRNA,1,0.6038882295824792,0.614898756295611,0.7941176470588235,3.2326316833496094
RF,25,5,0,rppa,RPPA,1,0.4817607077354623,0.5053177933177933,0.7058823529411765,2.1322360038757324
RF,25,5,0,mutations+cnv,Mutations+CNV,2,0.4378940554536627,0.40695803435529465,0.6544117647058824,2.5938422679901123
RF,25,5,0,mutations+mrna,Mutations+mRNA,2,0.5910454202179307,0.601013986013986,0.7794117647058824,2.5363919734954834
RF,25,5,0,mutations+rppa,Mutations+RPPA,2,0.43565001618297555,0.41138057344953893,0.6544117647058824,3.179231882095337
RF,25,5,0,cnv+mrna,CNV+mRNA,2,0.6913431869673103,0.749182966996034,0.8161764705882353,3.8172667026519775
RF,25,5,0,cnv+rppa,CNV+RPPA,2,0.5250717445247599,0.5749594196653021,0.7132352941176471,2.5341238975524902
RF,25,5,0,mrna+rppa,mRNA+RPPA,2,0.6313431869673104,0.641534543227746,0.8088235294117647,2.4365429878234863
RF,25,5,0,mutations+cnv+mrna,Mutations+CNV+mRNA,3,0.5994433056424642,0.6122615396191007,0.7941176470588235,2.852051019668579
RF,25,5,0,mutations+cnv+rppa,Mutations+CNV+RPPA,3,0.47962023950803756,0.47455530698483717,0.7058823529411765,4.2546069622039795
RF,25,5,0,mutations+mrna+rppa,Mutations+mRNA+RPPA,3,0.5647038515481714,0.5780347897548281,0.7647058823529411,3.460148572921753
RF,25,5,0,cnv+mrna+rppa,CNV+mRNA+RPPA,3,0.5974366166792534,0.6191438752862739,0.7867647058823529,2.8081932067871094
RF,25,5,0,mutations+cnv+mrna+rppa,Mutations+CNV+mRNA+RPPA,4,0.5655971517963103,0.5720779117683141,0.7720588235294118,3.1011500358581543
XGB,25,5,0,EMPTY,Baseline,0,0.2,0.1293532338308458,0.47794117647058826,0.0
XGB,25,5,0,mutations,Mutations,1,0.3751213723163232,0.34997840641513933,0.5661764705882353,9.796756982803345
XGB,25,5,0,cnv,CNV,1,0.44489804725428855,0.4451353136775132,0.6176470588235294,6.469886541366577
XGB,25,5,0,mrna,mRNA,1,0.755203366058906,0.7747974236666936,0.8455882352941176,7.590591669082642
XGB,25,5,0,rppa,RPPA,1,0.5658517639443306,0.5827189222290263,0.7647058823529411,5.6364052295684814
XGB,25,5,0,mutations+cnv,Mutations+CNV,2,0.5979048441040027,0.6172611104094481,0.6838235294117647,14.917334794998169
XGB,25,5,0,mutations+mrna,Mutations+mRNA,2,0.7543704822526701,0.7880805571240354,0.8382352941176471,12.474576711654663
XGB,25,5,0,mutations+rppa,Mutations+RPPA,2,0.5653166468874743,0.5734900284900284,0.75,13.941507339477539
XGB,25,5,0,cnv+mrna,CNV+mRNA,2,0.8253134102923724,0.8143405451698674,0.8529411764705882,12.481942415237427
XGB,25,5,0,cnv+rppa,CNV+RPPA,2,0.6563232279641816,0.7022598123430684,0.7647058823529411,13.848026514053345
XGB,25,5,0,mrna+rppa,mRNA+RPPA,2,0.7105243284065164,0.7358549973417803,0.8455882352941176,12.421970844268799
XGB,25,5,0,mutations+cnv+mrna,Mutations+CNV+mRNA,3,0.800400258927608,0.808115905366315,0.8308823529411765,17.223585844039917
XGB,25,5,0,mutations+cnv+rppa,Mutations+CNV+RPPA,3,0.668630920271874,0.710930930683233,0.7647058823529411,18.65513324737549
XGB,25,5,0,mutations+mrna+rppa,Mutations+mRNA+RPPA,3,0.7638990182328189,0.7859335294271934,0.8529411764705882,20.35333251953125
XGB,25,5,0,cnv+mrna+rppa,CNV+mRNA+RPPA,3,0.7694573308879059,0.7921135961529737,0.8529411764705882,17.092614889144897
XGB,25,5,0,mutations+cnv+mrna+rppa,Mutations+CNV+mRNA+RPPA,4,0.7605243284065164,0.7848206951684364,0.8529411764705882,20.762637615203857
SVM,25,5,0,EMPTY,Baseline,0,0.2,0.1293532338308458,0.47794117647058826,0.0
SVM,25,5,0,mutations,Mutations,1,0.41651526594023086,0.3555116381203338,0.5955882352941176,0.0282900333404541
SVM,25,5,0,cnv,CNV,1,0.6272693925989858,0.5164420322629278,0.5808823529411765,0.024311542510986328
SVM,25,5,0,mrna,mRNA,1,0.7952637825008091,0.7812466135295814,0.8529411764705882,0.0170133113861084
SVM,25,5,0,rppa,RPPA,1,0.638688100118675,0.6330952380952382,0.7647058823529411,0.03092670440673828
SVM,25,5,0,mutations+cnv,Mutations+CNV,2,0.6303463156759089,0.5233669334486986,0.5882352941176471,0.034576416015625
SVM,25,5,0,mutations+mrna,Mutations+mRNA,2,0.7952637825008091,0.7812466135295814,0.8529411764705882,0.022222042083740234
SVM,25,5,0,mutations+rppa,Mutations+RPPA,2,0.6822364872154493,0.6906748515008839,0.7647058823529411,0.029811620712280273
SVM,25,5,0,cnv+mrna,CNV+mRNA,2,0.7926583234437372,0.7399436505523462,0.7720588235294118,0.0283815860748291
SVM,25,5,0,cnv+rppa,CNV+RPPA,2,0.6463264645592837,0.541133069828722,0.6102941176470589,0.03850388526916504
SVM,25,5,0,mrna+rppa,mRNA+RPPA,2,0.8201769338655733,0.8042356726832015,0.875,0.0221254825592041
SVM,25,5,0,mutations+cnv+mrna,Mutations+CNV+mRNA,3,0.7957352465206603,0.7511335101679929,0.7794117647058824,0.04915761947631836
SVM,25,5,0,mutations+cnv+rppa,Mutations+CNV+RPPA,3,0.6494033876362068,0.5491087789438615,0.6176470588235294,0.0593256950378418
SVM,25,5,0,mutations+mrna+rppa,Mutations+mRNA+RPPA,3,0.8201769338655733,0.8042356726832015,0.875,0.03667950630187988
SVM,25,5,0,cnv+mrna+rppa,CNV+mRNA+RPPA,3,0.7957352465206603,0.7511335101679929,0.7794117647058824,0.047255754470825195
SVM,25,5,0,mutations+cnv+mrna+rppa,Mutations+CNV+mRNA+RPPA,4,0.7957352465206603,0.7511335101679929,0.7794117647058824,0.055753469467163086
RF,26,5,1,EMPTY,Baseline,0,0.2,0.1293532338308458,0.47794117647058826,0.0
RF,26,5,1,mutations,Mutations,1,0.3448095803215018,0.29716091443242976,0.5661764705882353,3.633521318435669
RF,26,5,1,cnv,CNV,1,0.41585068507929657,0.45198879551820725,0.6102941176470589,2.3574259281158447
RF,26,5,1,mrna,mRNA,1,0.6047642679900744,0.6222605965463108,0.8014705882352942,2.096184253692627
RF,26,5,1,rppa,RPPA,1,0.5145193656273601,0.5227199621570483,0.6985294117647058,2.119870662689209
RF,26,5,1,mutations+cnv,Mutations+CNV,2,0.46157298521954904,0.4886274509803921,0.6470588235294118,2.629502296447754
RF,26,5,1,mutations+mrna,Mutations+mRNA,2,0.543760923508469,0.5608723640399556,0.7573529411764706,3.825862407684326
RF,26,5,1,mutations+rppa,Mutations+RPPA,2,0.45605782716582155,0.45255568303200544,0.6764705882352942,3.257904529571533
RF,26,5,1,cnv+mrna,CNV+mRNA,2,0.5954730823174021,0.61415723873442,0.7794117647058824,2.5344364643096924
RF,26,5,1,cnv+rppa,CNV+RPPA,2,0.5223389793936779,0.5412173913043479,0.6985294117647058,3.4084980487823486
RF,26,5,1,mrna+rppa,mRNA+RPPA,2,0.5918610421836228,0.6074132310642378,0.7867647058823529,4.067350149154663
RF,26,5,1,mutations+cnv+mrna,Mutations+CNV+mRNA,3,0.5613291617218686,0.5867687750605064,0.7647058823529411,6.245889663696289
RF,26,5,1,mutations+cnv+rppa,Mutations+CNV+RPPA,3,0.45659294422267777,0.46863166772085185,0.6617647058823529,2.8532285690307617
RF,26,5,1,mutations+mrna+rppa,Mutations+mRNA+RPPA,3,0.5118006257417197,0.5268317853457172,0.7132352941176471,2.71766996383667
RF,26,5,1,cnv+mrna+rppa,CNV+mRNA+RPPA,3,0.5728039702233251,0.5801573818716677,0.7573529411764706,2.7754087448120117
RF,26,5,1,mutations+cnv+mrna+rppa,Mutations+CNV+mRNA+RPPA,4,0.5148775488186428,0.5303137254901961,0.7205882352941176,5.101768732070923
XGB,26,5,1,EMPTY,Baseline,0,0.2,0.1293532338308458,0.47794117647058826,0.0
XGB,26,5,1,mutations,Mutations,1,0.3162412342215989,0.29357520786092217,0.5220588235294118,6.561060190200806
XGB,26,5,1,cnv,CNV,1,0.50081777969576,0.5017321175278623,0.6176470588235294,9.593180179595947
XGB,26,5,1,mrna,mRNA,1,0.6650124069478908,0.6747478071368224,0.8382352941176471,4.763429164886475
XGB,26,5,1,rppa,RPPA,1,0.5616269284712483,0.5632727272727273,0.7279411764705882,9.012691259384155
XGB,26,5,1,mutations+cnv,Mutations+CNV,2,0.5340684000431546,0.5475662260888964,0.6838235294117647,15.430917978286743
XGB,26,5,1,mutations+mrna,Mutations+mRNA,2,0.6400992555831265,0.6579098058938866,0.8161764705882353,12.865663051605225
XGB,26,5,1,mutations+rppa,Mutations+RPPA,2,0.5493192361635559,0.5647166205251558,0.7279411764705882,14.309860229492188
XGB,26,5,1,cnv+mrna,CNV+mRNA,2,0.6490322580645161,0.6619107433956366,0.8161764705882353,9.389460325241089
XGB,26,5,1,cnv+rppa,CNV+RPPA,2,0.609382889200561,0.6180641560069952,0.7058823529411765,14.089865922927856
XGB,26,5,1,mrna+rppa,mRNA+RPPA,2,0.6585607940446649,0.6631203107624775,0.8308823529411765,12.42094373703003
XGB,26,5,1,mutations+cnv+mrna,Mutations+CNV+mRNA,3,0.6521091811414392,0.6675248449276329,0.8235294117647058,17.4876070022583
XGB,26,5,1,mutations+cnv+rppa,Mutations+CNV+RPPA,3,0.6370751968928687,0.66046266852903,0.7426470588235294,22.197742700576782
XGB,26,5,1,mutations+mrna+rppa,Mutations+mRNA+RPPA,3,0.6207444168734491,0.6283620712834678,0.7941176470588235,17.132827281951904
XGB,26,5,1,cnv+mrna+rppa,CNV+mRNA+RPPA,3,0.6828784119106699,0.6807801829012502,0.8382352941176471,16.938929557800293
XGB,26,5,1,mutations+cnv+mrna+rppa,Mutations+CNV+mRNA+RPPA,4,0.6579652605459057,0.6577190251887315,0.8161764705882353,24.041585445404053
SVM,26,5,1,EMPTY,Baseline,0,0.2,0.1293532338308458,0.47794117647058826,0.0
SVM,26,5,1,mutations,Mutations,1,0.3437393462077894,0.323448275862069,0.4485294117647059,0.027634143829345703
SVM,26,5,1,cnv,CNV,1,0.6095134318696731,0.539377129978153,0.5808823529411765,0.023381471633911133
SVM,26,5,1,mrna,mRNA,1,0.753424317617866,0.7715654066623405,0.8676470588235294,0.016462326049804688
SVM,26,5,1,rppa,RPPA,1,0.619928794907757,0.61523143683703,0.7279411764705882,0.021711349487304688
SVM,26,5,1,mutations+cnv,Mutations+CNV,2,0.6095134318696731,0.539377129978153,0.5808823529411765,0.03282976150512695
SVM,26,5,1,mutations+mrna,Mutations+mRNA,2,0.7503473945409429,0.7674478589792645,0.8602941176470589,0.02211737632751465
SVM,26,5,1,mutations+rppa,Mutations+RPPA,2,0.6417650231955981,0.633353622521901,0.7426470588235294,0.03156089782714844
SVM,26,5,1,cnv+mrna,CNV+mRNA,2,0.8218858560794045,0.8194894810659186,0.8602941176470589,0.028481006622314453
SVM,26,5,1,cnv+rppa,CNV+RPPA,2,0.6554903441579458,0.602599860345147,0.6397058823529411,0.032505035400390625
SVM,26,5,1,mrna+rppa,mRNA+RPPA,2,0.7783374689826303,0.7926136363636365,0.8897058823529411,0.02517843246459961
SVM,26,5,1,mutations+cnv+mrna,Mutations+CNV+mRNA,3,0.8218858560794045,0.8194894810659186,0.8602941176470589,0.03305673599243164
SVM,26,5,1,mutations+cnv+rppa,Mutations+CNV+RPPA,3,0.6554903441579458,0.602599860345147,0.6397058823529411,0.036780357360839844
SVM,26,5,1,mutations+mrna+rppa,Mutations+mRNA+RPPA,3,0.7752605459057073,0.7883584048262624,0.8823529411764706,0.02548074722290039
SVM,26,5,1,cnv+mrna+rppa,CNV+mRNA+RPPA,3,0.8154342431761787,0.8085243030214567,0.8529411764705882,0.032718658447265625
SVM,26,5,1,mutations+cnv+mrna+rppa,Mutations+CNV+mRNA+RPPA,4,0.8154342431761787,0.8085243030214567,0.8529411764705882,0.036330461502075195
RF,27,5,2,EMPTY,Baseline,0,0.2,0.12864321608040202,0.4740740740740741,0.0
RF,27,5,2,mutations,Mutations,1,0.334375,0.27324675324675324,0.5703703703703704,2.221518039703369
RF,27,5,2,cnv,CNV,1,0.48575527295285365,0.5253228793991525,0.6296296296296297,2.133741617202759
RF,27,5,2,mrna,mRNA,1,0.5811517783291976,0.5992236335093478,0.7851851851851852,3.1252875328063965
RF,27,5,2,rppa,RPPA,1,0.5244546112489661,0.5526762718347571,0.7185185185185186,2.9801127910614014
RF,27,5,2,mutations+cnv,Mutations+CNV,2,0.37492762613730357,0.3553812636165577,0.6148148148148148,2.589423418045044
RF,27,5,2,mutations+mrna,Mutations+mRNA,2,0.5784687758478081,0.6001261715933669,0.8,2.5703320503234863
RF,27,5,2,mutations+rppa,Mutations+RPPA,2,0.5089071546732837,0.5268969328543796,0.7185185185185186,2.6020896434783936
RF,27,5,2,cnv+mrna,CNV+mRNA,2,0.6478184449958644,0.7005570759302397,0.7925925925925926,3.7814180850982666
RF,27,5,2,cnv+rppa,CNV+RPPA,2,0.506588606286187,0.5369316696375519,0.7185185185185186,3.1866931915283203
RF,27,5,2,mrna+rppa,mRNA+RPPA,2,0.6497854631927212,0.6666925966417179,0.837037037037037,2.47908616065979
RF,27,5,2,mutations+cnv+mrna,Mutations+CNV+mRNA,3,0.5642834987593053,0.5906565533538848,0.7777777777777778,2.7597429752349854
RF,27,5,2,mutations+cnv+rppa,Mutations+CNV+RPPA,3,0.4827078163771712,0.5078632478632479,0.7111111111111111,2.7835841178894043
RF,27,5,2,mutations+mrna+rppa,Mutations+mRNA+RPPA,3,0.5983793424317618,0.6248188664337733,0.7925925925925926,4.808003664016724
RF,27,5,2,cnv+mrna+rppa,CNV+mRNA+RPPA,3,0.6835556244830439,0.7409341483104601,0.8148148148148148,2.724109172821045
RF,27,5,2,mutations+cnv+mrna+rppa,Mutations+CNV+mRNA+RPPA,4,0.5642834987593053,0.5906565533538848,0.7777777777777778,3.0531132221221924
XGB,27,5,2,EMPTY,Baseline,0,0.2,0.12864321608040202,0.4740740740740741,0.0
XGB,27,5,2,mutations,Mutations,1,0.403494623655914,0.3992829131652661,0.5777777777777777,9.82734727859497
XGB,27,5,2,cnv,CNV,1,0.5170052729528536,0.5574212893553223,0.6296296296296297,6.433015584945679
XGB,27,5,2,mrna,mRNA,1,0.7131306865177833,0.7502306745207222,0.8296296296296296,8.019014596939087
XGB,27,5,2,rppa,RPPA,1,0.5694142886683209,0.5713301946013811,0.7407407407407407,5.723639011383057
XGB,27,5,2,mutations+cnv,Mutations+CNV,2,0.5545052729528537,0.6036445625839238,0.6814814814814815,15.3316650390625
XGB,27,5,2,mutations+mrna,Mutations+mRNA,2,0.7168992969396195,0.7545512073751277,0.8518518518518519,12.789079189300537
XGB,27,5,2,mutations+rppa,Mutations+RPPA,2,0.5737825682382134,0.5838869330067861,0.7555555555555555,14.171571969985962
XGB,27,5,2,cnv+mrna,CNV+mRNA,2,0.7349669148056246,0.7669797272142687,0.8444444444444444,12.743384838104248
XGB,27,5,2,cnv+rppa,CNV+RPPA,2,0.5706575682382133,0.5849482202004109,0.7481481481481481,13.974980354309082
XGB,27,5,2,mrna+rppa,mRNA+RPPA,2,0.7632547559966916,0.80143324417812,0.8666666666666667,12.54033875465393
XGB,27,5,2,mutations+cnv+mrna,Mutations+CNV+mRNA,3,0.7100056865177833,0.7455905814220612,0.8222222222222222,17.231178760528564
XGB,27,5,2,mutations+cnv+rppa,Mutations+CNV+RPPA,3,0.5885675144747725,0.602792373903359,0.7703703703703704,22.465263843536377
XGB,27,5,2,mutations+mrna+rppa,Mutations+mRNA+RPPA,3,0.7693031430934657,0.8129399152240266,0.8888888888888888,17.41056513786316
XGB,27,5,2,cnv+mrna+rppa,CNV+mRNA+RPPA,3,0.7343233043837883,0.7483964868768213,0.8296296296296296,17.33237600326538
XGB,27,5,2,mutations+cnv+mrna+rppa,Mutations+CNV+mRNA+RPPA,4,0.7501499172870141,0.7705039427859743,0.8592592592592593,24.291288375854492
SVM,27,5,2,EMPTY,Baseline,0,0.2,0.12864321608040202,0.4740740740740741,0.0
SVM,27,5,2,mutations,Mutations,1,0.36534584367245654,0.32444851435360494,0.5777777777777777,0.028871774673461914
SVM,27,5,2,cnv,CNV,1,0.6090415632754342,0.548252517040196,0.6296296296296297,0.024278879165649414
SVM,27,5,2,mrna,mRNA,1,0.8401416459884203,0.861796587487454,0.9037037037037037,0.016379356384277344
SVM,27,5,2,rppa,RPPA,1,0.6053970223325063,0.607941245237866,0.7407407407407407,0.02189326286315918
SVM,27,5,2,mutations+cnv,Mutations+CNV,2,0.6090415632754342,0.548252517040196,0.6296296296296297,0.03331398963928223
SVM,27,5,2,mutations+mrna,Mutations+mRNA,2,0.8401416459884203,0.861796587487454,0.9037037037037037,0.02266097068786621
SVM,27,5,2,mutations+rppa,Mutations+RPPA,2,0.6085220223325063,0.6035290408723388,0.7481481481481481,0.030125141143798828
SVM,27,5,2,cnv+mrna,CNV+mRNA,2,0.823873035566584,0.807290302662536,0.8518518518518519,0.02998638153076172
SVM,27,5,2,cnv+rppa,CNV+RPPA,2,0.6204998966087676,0.5605581251927229,0.6444444444444445,0.03246879577636719
SVM,27,5,2,mrna+rppa,mRNA+RPPA,2,0.8401416459884203,0.861796587487454,0.9037037037037037,0.02295398712158203
SVM,27,5,2,mutations+cnv+mrna,Mutations+CNV+mRNA,3,0.823873035566584,0.807290302662536,0.8518518518518519,0.03122425079345703
SVM,27,5,2,mutations+cnv+rppa,Mutations+CNV+RPPA,3,0.6204998966087676,0.5626187312533288,0.6444444444444445,0.03683304786682129
SVM,27,5,2,mutations+mrna+rppa,Mutations+mRNA+RPPA,3,0.8401416459884203,0.861796587487454,0.9037037037037037,0.02600407600402832
SVM,27,5,2,cnv+mrna+rppa,CNV+mRNA+RPPA,3,0.823873035566584,0.807290302662536,0.8518518518518519,0.033124685287475586
SVM,27,5,2,mutations+cnv+mrna+rppa,Mutations+CNV+mRNA+RPPA,4,0.823873035566584,0.807290302662536,0.8518518518518519,0.03713035583496094
RF,28,5,3,EMPTY,Baseline,0,0.2,0.12864321608040202,0.4740740740740741,0.0
RF,28,5,3,mutations,Mutations,1,0.36666666666666664,0.32139606074032306,0.5925925925925926,2.2204816341400146
RF,28,5,3,cnv,CNV,1,0.4023717948717949,0.4230322159460421,0.5851851851851851,2.1220452785491943
RF,28,5,3,mrna,mRNA,1,0.6294711538461539,0.6288079139142969,0.8,2.07850980758667
RF,28,5,3,rppa,RPPA,1,0.6011378205128206,0.6019863945578232,0.7703703703703704,2.9579572677612305
RF,28,5,3,mutations+cnv,Mutations+CNV,2,0.4361538461538462,0.42259285474999186,0.6370370370370371,3.688897132873535
RF,28,5,3,mutations+mrna,Mutations+mRNA,2,0.6057532051282052,0.6179574090505768,0.7851851851851852,2.5845141410827637
RF,28,5,3,mutations+rppa,Mutations+RPPA,2,0.5470673076923076,0.5592455163883735,0.7333333333333333,2.583385705947876
RF,28,5,3,cnv+mrna,CNV+mRNA,2,0.6584294871794871,0.6784398175279635,0.7703703703703704,2.5029051303863525
RF,28,5,3,cnv+rppa,CNV+RPPA,2,0.6105769230769231,0.6454172598467902,0.7481481481481481,3.9350779056549072
RF,28,5,3,mrna+rppa,mRNA+RPPA,2,0.6731570512820513,0.6749751365452026,0.837037037037037,3.033823251724243
RF,28,5,3,mutations+cnv+mrna,Mutations+CNV+mRNA,3,0.6622115384615385,0.7109459815546771,0.8,2.813241958618164
RF,28,5,3,mutations+cnv+rppa,Mutations+CNV+RPPA,3,0.5379326923076924,0.5562560706401766,0.7407407407407407,2.842177629470825
RF,28,5,3,mutations+mrna+rppa,Mutations+mRNA+RPPA,3,0.6650320512820513,0.6675218765748843,0.8222222222222222,3.230403423309326
RF,28,5,3,cnv+mrna+rppa,CNV+mRNA+RPPA,3,0.7114903846153846,0.7408342561830934,0.8296296296296296,4.398058652877808
RF,28,5,3,mutations+cnv+mrna+rppa,Mutations+CNV+mRNA+RPPA,4,0.6394391025641026,0.6463255813953488,0.8074074074074075,3.1261749267578125
XGB,28,5,3,EMPTY,Baseline,0,0.2,0.12864321608040202,0.4740740740740741,0.0
XGB,28,5,3,mutations,Mutations,1,0.330625,0.30283112818324087,0.5481481481481482,8.798596620559692
XGB,28,5,3,cnv,CNV,1,0.4148397435897436,0.41746292010267166,0.5777777777777777,7.537047624588013
XGB,28,5,3,mrna,mRNA,1,0.765272435897436,0.7904955570745045,0.837037037037037,7.6048903465271
XGB,28,5,3,rppa,RPPA,1,0.6369391025641026,0.6212258072118855,0.7925925925925926,6.224733114242554
XGB,28,5,3,mutations+cnv,Mutations+CNV,2,0.4496314102564103,0.4400096758587325,0.6148148148148148,15.276607036590576
XGB,28,5,3,mutations+mrna,Mutations+mRNA,2,0.7736057692307693,0.7794681508967223,0.8444444444444444,12.774450540542603
XGB,28,5,3,mutations+rppa,Mutations+RPPA,2,0.6904807692307692,0.7014800686394331,0.8,14.430879592895508
XGB,28,5,3,cnv+mrna,CNV+mRNA,2,0.7889903846153847,0.7962135945078375,0.8518518518518519,12.688440799713135
XGB,28,5,3,cnv+rppa,CNV+RPPA,2,0.6428365384615384,0.6590067069081154,0.7703703703703704,14.177152872085571
XGB,28,5,3,mrna+rppa,mRNA+RPPA,2,0.8058653846153847,0.813811818924601,0.8666666666666667,12.563722610473633
XGB,28,5,3,mutations+cnv+mrna,Mutations+CNV+mRNA,3,0.777147435897436,0.7857469937469939,0.8444444444444444,17.728795766830444
XGB,28,5,3,mutations+cnv+rppa,Mutations+CNV+RPPA,3,0.7242948717948717,0.7454440558832228,0.8148148148148148,19.249022245407104
XGB,28,5,3,mutations+mrna+rppa,Mutations+mRNA+RPPA,3,0.799198717948718,0.8029513343799058,0.8592592592592593,20.62386155128479
XGB,28,5,3,cnv+mrna+rppa,CNV+mRNA+RPPA,3,0.7956570512820513,0.8061662091737279,0.8592592592592593,17.270310163497925
XGB,28,5,3,mutations+cnv+mrna+rppa,Mutations+CNV+mRNA+RPPA,4,0.7802724358974359,0.7937008332797806,0.8518518518518519,21.220669269561768
SVM,28,5,3,EMPTY,Baseline,0,0.2,0.12864321608040202,0.4740740740740741,0.0
SVM,28,5,3,mutations,Mutations,1,0.3866025641025641,0.3506945342239459,0.5777777777777777,0.05370283126831055
SVM,28,5,3,cnv,CNV,1,0.6131730769230769,0.5380900471224069,0.5851851851851851,0.039383649826049805
SVM,28,5,3,mrna,mRNA,1,0.8550320512820513,0.809095787222698,0.8592592592592593,0.027430057525634766
SVM,28,5,3,rppa,RPPA,1,0.701073717948718,0.6740701579967431,0.762962962962963,0.036684274673461914
SVM,28,5,3,mutations+cnv,Mutations+CNV,2,0.6100480769230769,0.5342114236999148,0.5777777777777777,0.04703187942504883
SVM,28,5,3,mutations+mrna,Mutations+mRNA,2,0.8550320512820513,0.809095787222698,0.8592592592592593,0.039440155029296875
SVM,28,5,3,mutations+rppa,Mutations+RPPA,2,0.7108653846153847,0.6935912726112363,0.7777777777777778,0.0471038818359375
SVM,28,5,3,cnv+mrna,CNV+mRNA,2,0.8073237179487179,0.7441213042276872,0.762962962962963,0.0409393310546875
SVM,28,5,3,cnv+rppa,CNV+RPPA,2,0.662451923076923,0.5867724867724868,0.6148148148148148,0.05192852020263672
SVM,28,5,3,mrna+rppa,mRNA+RPPA,2,0.8550320512820513,0.809095787222698,0.8592592592592593,0.03297853469848633
SVM,28,5,3,mutations+cnv+mrna,Mutations+CNV+mRNA,3,0.8073237179487179,0.7441213042276872,0.762962962962963,0.046892404556274414
SVM,28,5,3,mutations+cnv+rppa,Mutations+CNV+RPPA,3,0.662451923076923,0.5867724867724868,0.6148148148148148,0.05351066589355469
SVM,28,5,3,mutations+mrna+rppa,Mutations+mRNA+RPPA,3,0.8612820512820513,0.8426972116666945,0.8740740740740741,0.03703904151916504
SVM,28,5,3,cnv+mrna+rppa,CNV+mRNA+RPPA,3,0.810448717948718,0.7481240342154114,0.7703703703703704,0.045250654220581055
SVM,28,5,3,mutations+cnv+mrna+rppa,Mutations+CNV+mRNA+RPPA,4,0.810448717948718,0.7481240342154114,0.7703703703703704,0.048271894454956055
RF,29,5,4,EMPTY,Baseline,0,0.2,0.12864321608040202,0.4740740740740741,0.0
RF,29,5,4,mutations,Mutations,1,0.36058467741935485,0.34312512049354155,0.5777777777777777,3.5721635818481445
RF,29,5,4,cnv,CNV,1,0.3543010752688172,0.370718954248366,0.5777777777777777,2.1588120460510254
RF,29,5,4,mrna,mRNA,1,0.6084341397849463,0.6302159521526731,0.8074074074074075,2.1395673751831055
RF,29,5,4,rppa,RPPA,1,0.5611559139784946,0.5724809923969588,0.7555555555555555,2.1784379482269287
RF,29,5,4,mutations+cnv,Mutations+CNV,2,0.38306451612903225,0.3753637666681145,0.6074074074074074,2.6713738441467285
RF,29,5,4,mutations+mrna,Mutations+mRNA,2,0.5855174731182796,0.6118572809923501,0.7777777777777778,4.531847715377808
RF,29,5,4,mutations+rppa,Mutations+RPPA,2,0.459744623655914,0.45696370689197086,0.6592592592592592,2.5817739963531494
RF,29,5,4,cnv+mrna,CNV+mRNA,2,0.5647177419354839,0.5863722943722943,0.762962962962963,2.4966485500335693
RF,29,5,4,cnv+rppa,CNV+RPPA,2,0.5299059139784946,0.5518840579710145,0.7185185185185186,2.5891144275665283
RF,29,5,4,mrna+rppa,mRNA+RPPA,2,0.636760752688172,0.6530194762836641,0.8222222222222222,3.225175380706787
RF,29,5,4,mutations+cnv+mrna,Mutations+CNV+mRNA,3,0.5963709677419355,0.6213109977650719,0.762962962962963,4.266061305999756
RF,29,5,4,mutations+cnv+rppa,Mutations+CNV+RPPA,3,0.4824260752688173,0.492650601799832,0.6814814814814815,2.8440916538238525
RF,29,5,4,mutations+mrna+rppa,Mutations+mRNA+RPPA,3,0.6219758064516129,0.6458643457382953,0.8074074074074075,2.8954639434814453
RF,29,5,4,cnv+mrna+rppa,CNV+mRNA+RPPA,3,0.6034274193548387,0.6301526015811729,0.8074074074074075,2.892157793045044
RF,29,5,4,mutations+cnv+mrna+rppa,Mutations+CNV+mRNA+RPPA,4,0.6071908602150538,0.6285069275461149,0.7925925925925926,5.1743245124816895
XGB,29,5,4,EMPTY,Baseline,0,0.2,0.12864321608040202,0.4740740740740741,0.0
XGB,29,5,4,mutations,Mutations,1,0.3543010752688172,0.35158458189268793,0.5407407407407407,6.646946430206299
XGB,29,5,4,cnv,CNV,1,0.36720430107526886,0.3820159088491496,0.5481481481481482,9.859849452972412
XGB,29,5,4,mrna,mRNA,1,0.7750672043010753,0.7968614120684214,0.8444444444444444,4.944874286651611
XGB,29,5,4,rppa,RPPA,1,0.5900873655913978,0.5859368728334245,0.7407407407407407,9.27432370185852
XGB,29,5,4,mutations+cnv,Mutations+CNV,2,0.4978158602150538,0.5269942726328362,0.6370370370370371,15.810449600219727
XGB,29,5,4,mutations+mrna,Mutations+mRNA,2,0.7071572580645161,0.7181673121999523,0.8148148148148148,13.449082612991333
XGB,29,5,4,mutations+rppa,Mutations+RPPA,2,0.561122311827957,0.555539993775288,0.7407407407407407,14.741094827651978
XGB,29,5,4,cnv+mrna,CNV+mRNA,2,0.7569556451612903,0.7836345545002261,0.837037037037037,12.982520341873169
XGB,29,5,4,cnv+rppa,CNV+RPPA,2,0.5677755376344086,0.5770193882479401,0.7407407407407407,14.48675274848938
XGB,29,5,4,mrna+rppa,mRNA+RPPA,2,0.726747311827957,0.7492113289760349,0.8444444444444444,13.250338077545166
XGB,29,5,4,mutations+cnv+mrna,Mutations+CNV+mRNA,3,0.7550739247311828,0.7887603930461073,0.837037037037037,17.871448278427124
XGB,29,5,4,mutations+cnv+rppa,Mutations+CNV+RPPA,3,0.5723790322580645,0.5780392156862745,0.762962962962963,19.528148651123047
XGB,29,5,4,mutations+mrna+rppa,Mutations+mRNA+RPPA,3,0.7165322580645161,0.7391046208693267,0.837037037037037,21.017606735229492
XGB,29,5,4,cnv+mrna+rppa,CNV+mRNA+RPPA,3,0.7769489247311828,0.7977942057942058,0.8444444444444444,17.414742708206177
XGB,29,5,4,mutations+cnv+mrna+rppa,Mutations+CNV+mRNA+RPPA,4,0.7898521505376344,0.8194817136886103,0.8592592592592593,24.726730346679688
SVM,29,5,4,EMPTY,Baseline,0,0.2,0.12864321608040202,0.4740740740740741,0.0
SVM,29,5,4,mutations,Mutations,1,0.3883064516129032,0.35827816152393693,0.562962962962963,0.028427600860595703
SVM,29,5,4,cnv,CNV,1,0.6519489247311828,0.5711504022435667,0.6074074074074074,0.024426937103271484
SVM,29,5,4,mrna,mRNA,1,0.8350470430107528,0.808646461065816,0.8518518518518519,0.016602516174316406
SVM,29,5,4,rppa,RPPA,1,0.5961021505376344,0.5818065458100576,0.7111111111111111,0.02208542823791504
SVM,29,5,4,mutations+cnv,Mutations+CNV,2,0.6550739247311828,0.5793667730287448,0.6148148148148148,0.032677650451660156
SVM,29,5,4,mutations+mrna,Mutations+mRNA,2,0.8350470430107528,0.808646461065816,0.8518518518518519,0.022075176239013672
SVM,29,5,4,mutations+rppa,Mutations+RPPA,2,0.6537970430107526,0.6397120233502391,0.7333333333333333,0.029751300811767578
SVM,29,5,4,cnv+mrna,CNV+mRNA,2,0.8292002688172044,0.801658582339088,0.8222222222222222,0.028581619262695312
SVM,29,5,4,cnv+rppa,CNV+RPPA,2,0.6729838709677419,0.6042146362542749,0.6370370370370371,0.03404641151428223
SVM,29,5,4,mrna+rppa,mRNA+RPPA,2,0.8267137096774194,0.798515831254335,0.8444444444444444,0.023146390914916992
SVM,29,5,4,mutations+cnv+mrna,Mutations+CNV+mRNA,3,0.8292002688172044,0.801658582339088,0.8222222222222222,0.03301811218261719
SVM,29,5,4,mutations+cnv+rppa,Mutations+CNV+RPPA,3,0.6761088709677419,0.6132211702608089,0.6444444444444445,0.04313015937805176
SVM,29,5,4,mutations+mrna+rppa,Mutations+mRNA+RPPA,3,0.8267137096774194,0.798515831254335,0.8444444444444444,0.026686668395996094
SVM,29,5,4,cnv+mrna+rppa,CNV+mRNA+RPPA,3,0.8292002688172044,0.801658582339088,0.8222222222222222,0.03317451477050781
SVM,29,5,4,mutations+cnv+mrna+rppa,Mutations+CNV+mRNA+RPPA,4,0.8292002688172044,0.801658582339088,0.8222222222222222,0.03903937339782715
RF,30,6,0,EMPTY,Baseline,0,0.2,0.1293532338308458,0.47794117647058826,0.0
RF,30,6,0,mutations,Mutations,1,0.3756392275326356,0.326769741886021,0.6102941176470589,2.228234052658081
RF,30,6,0,cnv,CNV,1,0.37864710324738377,0.39663038050534305,0.5882352941176471,2.128615379333496
RF,30,6,0,mrna,mRNA,1,0.6038709677419355,0.6170001919570016,0.7941176470588235,2.1674482822418213
RF,30,6,0,rppa,RPPA,1,0.5348840220088468,0.5516376727675538,0.7205882352941176,2.2008728981018066
RF,30,6,0,mutations+cnv,Mutations+CNV,2,0.4514456791455389,0.4611161254815631,0.6470588235294118,4.627221584320068
RF,30,6,0,mutations+mrna,Mutations+mRNA,2,0.5764764267990075,0.5956582633053221,0.7794117647058824,2.7443912029266357
RF,30,6,0,mutations+rppa,Mutations+RPPA,2,0.5031049735678066,0.5182714104750181,0.7352941176470589,2.613091230392456
RF,30,6,0,cnv+mrna,CNV+mRNA,2,0.6700248138957817,0.716517006802721,0.7867647058823529,2.572464942932129
RF,30,6,0,cnv+rppa,CNV+RPPA,2,0.5519311684108319,0.5991870330505255,0.7132352941176471,3.430647850036621
RF,30,6,0,mrna+rppa,mRNA+RPPA,2,0.6579652605459058,0.6679501255588212,0.8455882352941176,3.6257872581481934
RF,30,6,0,mutations+cnv+mrna,Mutations+CNV+mRNA,3,0.5601985111662532,0.5755954683614258,0.7647058823529411,2.8780834674835205
RF,30,6,0,mutations+cnv+rppa,Mutations+CNV+RPPA,3,0.556717013701586,0.604852237545736,0.7352941176470589,2.8641531467437744
RF,30,6,0,mutations+mrna+rppa,Mutations+mRNA+RPPA,3,0.6209817671809257,0.6435914123162445,0.8161764705882353,2.997469425201416
RF,30,6,0,cnv+mrna+rppa,CNV+mRNA+RPPA,3,0.7355334987593052,0.7795682102628285,0.8308823529411765,4.740272045135498
RF,30,6,0,mutations+cnv+mrna+rppa,Mutations+CNV+mRNA+RPPA,4,0.5949379652605459,0.6099523809523809,0.7941176470588235,3.113185405731201
XGB,30,6,0,EMPTY,Baseline,0,0.2,0.1293532338308458,0.47794117647058826,0.0
XGB,30,6,0,mutations,Mutations,1,0.3770676448376308,0.34553501293227323,0.6029411764705882,7.015560150146484
XGB,30,6,0,cnv,CNV,1,0.5222321717553134,0.5485758645648582,0.6397058823529411,9.252398252487183
XGB,30,6,0,mrna,mRNA,1,0.8454838709677419,0.8582273362252775,0.8823529411764706,6.467388153076172
XGB,30,6,0,rppa,RPPA,1,0.6844805264861366,0.7226017452969964,0.8235294117647058,7.541703701019287
XGB,30,6,0,mutations+cnv,Mutations+CNV,2,0.5323389793936779,0.5604913542471702,0.6691176470588235,15.584535121917725
XGB,30,6,0,mutations+mrna,Mutations+mRNA,2,0.6799751861042184,0.7122967812329514,0.8235294117647058,13.106652021408081
XGB,30,6,0,mutations+rppa,Mutations+RPPA,2,0.665958571582695,0.6984547726136932,0.8088235294117647,14.681205987930298
XGB,30,6,0,cnv+mrna,CNV+mRNA,2,0.8356575682382135,0.8532537751515854,0.875,13.012969493865967
XGB,30,6,0,cnv+rppa,CNV+RPPA,2,0.6814036034092135,0.7089839572192514,0.8161764705882353,14.696346998214722
XGB,30,6,0,mrna+rppa,mRNA+RPPA,2,0.7985607940446651,0.8302379021357125,0.8823529411764706,13.1084566116333
XGB,30,6,0,mutations+cnv+mrna,Mutations+CNV+mRNA,3,0.7825806451612903,0.8055922306226566,0.8602941176470589,17.755202531814575
XGB,30,6,0,mutations+cnv+rppa,Mutations+CNV+RPPA,3,0.665958571582695,0.7025160800894515,0.8088235294117647,23.097829580307007
XGB,30,6,0,mutations+mrna+rppa,Mutations+mRNA+RPPA,3,0.7510421836228287,0.7748247978436658,0.8676470588235294,17.73030948638916
XGB,30,6,0,cnv+mrna+rppa,CNV+mRNA+RPPA,3,0.7767245657568238,0.8055866274844379,0.8676470588235294,17.414687633514404
XGB,30,6,0,mutations+cnv+mrna+rppa,Mutations+CNV+mRNA+RPPA,4,0.7638213399503722,0.7933344968230267,0.8529411764705882,24.55883264541626
SVM,30,6,0,EMPTY,Baseline,0,0.2,0.1293532338308458,0.47794117647058826,0.0
SVM,30,6,0,mutations,Mutations,1,0.41788326680332294,0.3834591103104662,0.5882352941176471,0.028446674346923828
SVM,30,6,0,cnv,CNV,1,0.6557945840975294,0.5641889652088777,0.5955882352941176,0.02787637710571289
SVM,30,6,0,mrna,mRNA,1,0.8531265508684864,0.8436944163007993,0.8897058823529411,0.016507625579833984
SVM,30,6,0,rppa,RPPA,1,0.7127683676772035,0.6847996753085199,0.7867647058823529,0.022200822830200195
SVM,30,6,0,mutations+cnv,Mutations+CNV,2,0.6557945840975294,0.5676810287009413,0.5955882352941176,0.03263258934020996
SVM,30,6,0,mutations+mrna,Mutations+mRNA,2,0.8562034739454095,0.8510672126499734,0.8970588235294118,0.022387981414794922
SVM,30,6,0,mutations+rppa,Mutations+RPPA,2,0.7253738267342756,0.7277030936543132,0.8088235294117647,0.030862808227539062
SVM,30,6,0,cnv+mrna,CNV+mRNA,2,0.8063771712158809,0.7824865150374496,0.8235294117647058,0.028875350952148438
SVM,30,6,0,cnv+rppa,CNV+RPPA,2,0.6265605782716582,0.5630442390330941,0.6029411764705882,0.03326582908630371
SVM,30,6,0,mrna+rppa,mRNA+RPPA,2,0.8626550868486353,0.8608749049576658,0.9044117647058824,0.02262711524963379
SVM,30,6,0,mutations+cnv+mrna,Mutations+CNV+mRNA,3,0.8063771712158809,0.7824865150374496,0.8235294117647058,0.03252530097961426
SVM,30,6,0,mutations+cnv+rppa,Mutations+CNV+RPPA,3,0.6265605782716582,0.5630442390330941,0.6029411764705882,0.03791356086730957
SVM,30,6,0,mutations+mrna+rppa,Mutations+mRNA+RPPA,3,0.8126550868486353,0.8236842412906243,0.8970588235294118,0.025333404541015625
SVM,30,6,0,cnv+mrna+rppa,CNV+mRNA+RPPA,3,0.809454094292804,0.7864328908330488,0.8308823529411765,0.03323245048522949
SVM,30,6,0,mutations+cnv+mrna+rppa,Mutations+CNV+mRNA+RPPA,4,0.809454094292804,0.7864328908330488,0.8308823529411765,0.038289546966552734
RF,31,6,1,EMPTY,Baseline,0,0.2,0.1293532338308458,0.47794117647058826,0.0
RF,31,6,1,mutations,Mutations,1,0.36049196245549686,0.3058800521512386,0.5955882352941176,2.178098440170288
RF,31,6,1,cnv,CNV,1,0.4700582587118352,0.4962896129211919,0.5955882352941176,2.1864864826202393
RF,31,6,1,mrna,mRNA,1,0.6312827705254073,0.636130007558579,0.8088235294117647,2.1377711296081543
RF,31,6,1,rppa,RPPA,1,0.47251267666414937,0.48162369628702545,0.6544117647058824,3.621354341506958
RF,31,6,1,mutations+cnv,Mutations+CNV,2,0.46825871183514944,0.453088538686916,0.6470588235294118,3.0486226081848145
RF,31,6,1,mutations+mrna,Mutations+mRNA,2,0.5965433164311145,0.603692951343958,0.7794117647058824,2.5939688682556152
RF,31,6,1,mutations+rppa,Mutations+RPPA,2,0.4778336390117596,0.48,0.6911764705882353,2.6481869220733643
RF,31,6,1,cnv+mrna,CNV+mRNA,2,0.6988477721437049,0.7526001296698139,0.7941176470588235,2.754026412963867
RF,31,6,1,cnv+rppa,CNV+RPPA,2,0.4848807854137448,0.49800774359762573,0.6838235294117647,4.2551329135894775
RF,31,6,1,mrna+rppa,mRNA+RPPA,2,0.5999180062574172,0.6129924041688748,0.7794117647058824,2.5102691650390625
RF,31,6,1,mutations+cnv+mrna,Mutations+CNV+mRNA,3,0.6429312762973353,0.6878369252574097,0.7941176470588235,2.8099472522735596
RF,31,6,1,mutations+cnv+rppa,Mutations+CNV+RPPA,3,0.49127198187506743,0.5086525922098374,0.6911764705882353,2.850205183029175
RF,31,6,1,mutations+mrna+rppa,Mutations+mRNA+RPPA,3,0.5772488941633402,0.5867187039027927,0.7573529411764706,4.148735523223877
RF,31,6,1,cnv+mrna+rppa,CNV+mRNA+RPPA,3,0.5797302837415039,0.598438041744678,0.75,3.5063204765319824
RF,31,6,1,mutations+cnv+mrna+rppa,Mutations+CNV+mRNA+RPPA,4,0.589319236163556,0.5975420960736011,0.7647058823529411,3.140995979309082
XGB,31,6,1,EMPTY,Baseline,0,0.2,0.1293532338308458,0.47794117647058826,0.0
XGB,31,6,1,mutations,Mutations,1,0.37211457546660914,0.38234996419193124,0.5514705882352942,9.883157968521118
XGB,31,6,1,cnv,CNV,1,0.5454968173481498,0.5486443928997854,0.6470588235294118,6.3705034255981445
XGB,31,6,1,mrna,mRNA,1,0.7719387204660697,0.7969773725092874,0.8455882352941176,7.997888803482056
XGB,31,6,1,rppa,RPPA,1,0.5548343942172834,0.5569611799321174,0.6985294117647058,5.657593488693237
XGB,31,6,1,mutations+cnv,Mutations+CNV,2,0.5535969360233035,0.5529204944382423,0.6691176470588235,15.34989047050476
XGB,31,6,1,mutations+mrna,Mutations+mRNA,2,0.7632430682921567,0.7842506764423496,0.8382352941176471,12.823290586471558
XGB,31,6,1,mutations+rppa,Mutations+RPPA,2,0.6135300463911965,0.6250922007384793,0.7132352941176471,14.474416971206665
XGB,31,6,1,cnv+mrna,CNV+mRNA,2,0.7525838817563922,0.7724126172208013,0.8235294117647058,12.644470453262329
XGB,31,6,1,cnv+rppa,CNV+RPPA,2,0.6421760707735462,0.6556747681424125,0.7573529411764706,13.9819815158844
XGB,31,6,1,mrna+rppa,mRNA+RPPA,2,0.749865141870752,0.7566735347985348,0.8088235294117647,12.501048564910889
XGB,31,6,1,mutations+cnv+mrna,Mutations+CNV+mRNA,3,0.7343596936023303,0.7499226014233027,0.8014705882352942,17.36064600944519
XGB,31,6,1,mutations+cnv+rppa,Mutations+CNV+RPPA,3,0.6890991476966231,0.6974201238169785,0.7573529411764706,18.841989994049072
XGB,31,6,1,mutations+mrna+rppa,Mutations+mRNA+RPPA,3,0.7060189880245982,0.7155968734056584,0.8161764705882353,20.421202898025513
XGB,31,6,1,cnv+mrna+rppa,CNV+mRNA+RPPA,3,0.7683266803322903,0.7905070830355342,0.8235294117647058,16.944940328598022
XGB,31,6,1,mutations+cnv+mrna+rppa,Mutations+CNV+mRNA+RPPA,4,0.752942064947675,0.777489564698867,0.8161764705882353,20.56903648376465
SVM,31,6,1,EMPTY,Baseline,0,0.2,0.1293532338308458,0.47794117647058826,0.0
SVM,31,6,1,mutations,Mutations,1,0.36611069155248677,0.32472674272961216,0.5661764705882353,0.028612613677978516
SVM,31,6,1,cnv,CNV,1,0.6673330456359909,0.5612463944534124,0.5882352941176471,0.023992300033569336
SVM,31,6,1,mrna,mRNA,1,0.8830197432301219,0.8778827753641707,0.8970588235294118,0.016248703002929688
SVM,31,6,1,rppa,RPPA,1,0.5952529938504693,0.5905077257445849,0.7279411764705882,0.021312952041625977
SVM,31,6,1,mutations+cnv,Mutations+CNV,2,0.6519484302513756,0.5497871010586352,0.5808823529411765,0.03246355056762695
SVM,31,6,1,mutations+mrna,Mutations+mRNA,2,0.8830197432301219,0.8778827753641707,0.8970588235294118,0.0221097469329834
SVM,31,6,1,mutations+rppa,Mutations+RPPA,2,0.6140122990613874,0.6018648381902238,0.7352941176470589,0.04742884635925293
SVM,31,6,1,cnv+mrna,CNV+mRNA,2,0.8553274355378143,0.8241053157045087,0.8308823529411765,0.04637646675109863
SVM,31,6,1,cnv+rppa,CNV+RPPA,2,0.6897648074225914,0.5911748454304053,0.6176470588235294,0.05219697952270508
SVM,31,6,1,mrna+rppa,mRNA+RPPA,2,0.8796450534038192,0.8772304261385931,0.8970588235294118,0.03885984420776367
SVM,31,6,1,mutations+cnv+mrna,Mutations+CNV+mRNA,3,0.8553274355378143,0.8241053157045087,0.8308823529411765,0.048383235931396484
SVM,31,6,1,mutations+cnv+rppa,Mutations+CNV+RPPA,3,0.6897648074225914,0.5911748454304053,0.6176470588235294,0.05598020553588867
SVM,31,6,1,mutations+mrna+rppa,Mutations+mRNA+RPPA,3,0.8796450534038192,0.8772304261385931,0.8970588235294118,0.0377349853515625
SVM,31,6,1,cnv+mrna+rppa,CNV+mRNA+RPPA,3,0.8053274355378143,0.7869468802702111,0.8235294117647058,0.04487776756286621
SVM,31,6,1,mutations+cnv+mrna+rppa,Mutations+CNV+mRNA+RPPA,4,0.8053274355378143,0.7869468802702111,0.8235294117647058,0.05287957191467285
RF,32,6,2,EMPTY,Baseline,0,0.2,0.12864321608040202,0.4740740740740741,0.0
RF,32,6,2,mutations,Mutations,1,0.3212365591397849,0.27846872082166196,0.5481481481481482,3.749162435531616
RF,32,6,2,cnv,CNV,1,0.3386321339950372,0.35460606060606065,0.5703703703703704,2.265326976776123
RF,32,6,2,mrna,mRNA,1,0.633354011579818,0.6535910742877474,0.8296296296296296,2.085263729095459
RF,32,6,2,rppa,RPPA,1,0.5613110008271299,0.5798874065023294,0.7555555555555555,2.1729891300201416
RF,32,6,2,mutations+cnv,Mutations+CNV,2,0.38966863110008265,0.3882744715820051,0.6074074074074074,2.6201138496398926
RF,32,6,2,mutations+mrna,Mutations+mRNA,2,0.5801049421009099,0.6065880539858963,0.7851851851851852,4.231616020202637
RF,32,6,2,mutations+rppa,Mutations+RPPA,2,0.4673180314309347,0.4718757467144564,0.6814814814814815,2.9600741863250732
RF,32,6,2,cnv+mrna,CNV+mRNA,2,0.5507806038047973,0.5760362811791383,0.7703703703703704,2.574371814727783
RF,32,6,2,cnv+rppa,CNV+RPPA,2,0.5216087675765095,0.5523688149843037,0.7407407407407407,2.5807478427886963
RF,32,6,2,mrna+rppa,mRNA+RPPA,2,0.6121174524400331,0.6347474747474748,0.8074074074074075,2.8055224418640137
RF,32,6,2,mutations+cnv+mrna,Mutations+CNV+mRNA,3,0.5430857113316792,0.5665780661050293,0.7555555555555555,4.648235559463501
RF,32,6,2,mutations+cnv+rppa,Mutations+CNV+RPPA,3,0.48647125723738627,0.5018894830659536,0.7111111111111111,2.888826370239258
RF,32,6,2,mutations+mrna+rppa,Mutations+mRNA+RPPA,3,0.601302729528536,0.6356956220338079,0.8074074074074075,2.8038058280944824
RF,32,6,2,cnv+mrna+rppa,CNV+mRNA+RPPA,3,0.5954895574855252,0.6174244306418218,0.7925925925925926,2.8002586364746094
RF,32,6,2,mutations+cnv+mrna+rppa,Mutations+CNV+mRNA+RPPA,4,0.5775796112489661,0.6032200065380844,0.7703703703703704,5.247331142425537
XGB,32,6,2,EMPTY,Baseline,0,0.2,0.12864321608040202,0.4740740740740741,0.0
XGB,32,6,2,mutations,Mutations,1,0.31531224152191895,0.31699279271503167,0.5185185185185185,6.6118927001953125
XGB,32,6,2,cnv,CNV,1,0.47770109594706367,0.48121456393906126,0.6666666666666666,9.63763976097107
XGB,32,6,2,mrna,mRNA,1,0.7036781430934657,0.7203653532157153,0.8962962962962963,4.89302396774292
XGB,32,6,2,rppa,RPPA,1,0.6103985732009926,0.6288607674126265,0.8,9.067131280899048
XGB,32,6,2,mutations+cnv,Mutations+CNV,2,0.4308648676592225,0.4361616161616162,0.6296296296296297,15.366819620132446
XGB,32,6,2,mutations+mrna,Mutations+mRNA,2,0.690774917287014,0.7111603884594189,0.8814814814814815,13.19507646560669
XGB,32,6,2,mutations+rppa,Mutations+RPPA,2,0.6553530810587263,0.6667624475952707,0.837037037037037,14.584481000900269
XGB,32,6,2,cnv+mrna,CNV+mRNA,2,0.776152812241522,0.8042209450830141,0.8962962962962963,11.777151346206665
XGB,32,6,2,cnv+rppa,CNV+RPPA,2,0.6464149090157154,0.6511934731934732,0.8148148148148148,13.613826513290405
XGB,32,6,2,mrna+rppa,mRNA+RPPA,2,0.7150925351530191,0.7218537098971882,0.8888888888888888,11.249901056289673
XGB,32,6,2,mutations+cnv+mrna,Mutations+CNV+mRNA,3,0.7607681968569066,0.7934498927007084,0.8888888888888888,20.810152530670166
XGB,32,6,2,mutations+cnv+rppa,Mutations+CNV+RPPA,3,0.6464149090157154,0.6449980305111089,0.8148148148148148,19.647265195846558
XGB,32,6,2,mutations+mrna+rppa,Mutations+mRNA+RPPA,3,0.7086409222497931,0.7160675813485641,0.8814814814814815,17.59654712677002
XGB,32,6,2,cnv+mrna+rppa,CNV+mRNA+RPPA,3,0.6868046939619521,0.6986100628930817,0.8666666666666667,20.525503873825073
XGB,32,6,2,mutations+cnv+mrna+rppa,Mutations+CNV+mRNA+RPPA,4,0.7021893093465674,0.7101282051282051,0.8740740740740741,21.284064292907715
SVM,32,6,2,EMPTY,Baseline,0,0.2,0.12864321608040202,0.4740740740740741,0.0
SVM,32,6,2,mutations,Mutations,1,0.409819582299421,0.37296139499529335,0.5925925925925926,0.028834819793701172
SVM,32,6,2,cnv,CNV,1,0.6886398883374689,0.6002324729682595,0.6444444444444445,0.024268388748168945
SVM,32,6,2,mrna,mRNA,1,0.8573640405293632,0.8196984992260583,0.8888888888888888,0.016335487365722656
SVM,32,6,2,rppa,RPPA,1,0.6594809760132341,0.667120062508996,0.7851851851851852,0.021976709365844727
SVM,32,6,2,mutations+cnv,Mutations+CNV,2,0.7000982216708024,0.6134823848238483,0.6592592592592592,0.031374454498291016
SVM,32,6,2,mutations+mrna,Mutations+mRNA,2,0.8573640405293632,0.8196984992260583,0.8888888888888888,0.02099919319152832
SVM,32,6,2,mutations+rppa,Mutations+RPPA,2,0.6594809760132341,0.667120062508996,0.7851851851851852,0.028067827224731445
SVM,32,6,2,cnv+mrna,CNV+mRNA,2,0.8738678660049628,0.7919186268277177,0.8222222222222222,0.028469324111938477
SVM,32,6,2,cnv+rppa,CNV+RPPA,2,0.7180081679073614,0.6311816939890711,0.6814814814814815,0.031113624572753906
SVM,32,6,2,mrna+rppa,mRNA+RPPA,2,0.8573640405293632,0.8196984992260583,0.8888888888888888,0.021231412887573242
SVM,32,6,2,mutations+cnv+mrna,Mutations+CNV+mRNA,3,0.8738678660049628,0.7919186268277177,0.8222222222222222,0.03553295135498047
SVM,32,6,2,mutations+cnv+rppa,Mutations+CNV+RPPA,3,0.7180081679073614,0.6368712425357624,0.6814814814814815,0.038691043853759766
SVM,32,6,2,mutations+mrna+rppa,Mutations+mRNA+RPPA,3,0.8573640405293632,0.8196984992260583,0.8888888888888888,0.02592015266418457
SVM,32,6,2,cnv+mrna+rppa,CNV+mRNA+RPPA,3,0.8769928660049627,0.7960540238450075,0.8296296296296296,0.03298544883728027
SVM,32,6,2,mutations+cnv+mrna+rppa,Mutations+CNV+mRNA+RPPA,4,0.8769928660049627,0.7960540238450075,0.8296296296296296,0.04168701171875
RF,33,6,3,EMPTY,Baseline,0,0.2,0.12864321608040202,0.4740740740740741,0.0
RF,33,6,3,mutations,Mutations,1,0.38059294871794874,0.3404690547547691,0.5925925925925926,2.9129843711853027
RF,33,6,3,cnv,CNV,1,0.37264423076923076,0.3775841858482523,0.5555555555555556,3.2678115367889404
RF,33,6,3,mrna,mRNA,1,0.6364102564102565,0.6493488255872064,0.837037037037037,2.1753129959106445
RF,33,6,3,rppa,RPPA,1,0.562451923076923,0.5721406188797493,0.7407407407407407,2.1694235801696777
RF,33,6,3,mutations+cnv,Mutations+CNV,2,0.38705128205128203,0.36219668500263236,0.6074074074074074,2.580678939819336
RF,33,6,3,mutations+mrna,Mutations+mRNA,2,0.5795032051282052,0.5929315531998233,0.7481481481481481,3.013537645339966
RF,33,6,3,mutations+rppa,Mutations+RPPA,2,0.49751602564102565,0.5020596314218873,0.674074074074074,4.1646528244018555
RF,33,6,3,cnv+mrna,CNV+mRNA,2,0.6239102564102564,0.6309118281910359,0.8074074074074075,2.526092290878296
RF,33,6,3,cnv+rppa,CNV+RPPA,2,0.5423076923076924,0.5536505747773353,0.725925925925926,2.4565441608428955
RF,33,6,3,mrna+rppa,mRNA+RPPA,2,0.6490865384615385,0.6547472527472527,0.8296296296296296,2.526097059249878
RF,33,6,3,mutations+cnv+mrna,Mutations+CNV+mRNA,3,0.573349358974359,0.5905527276955849,0.7703703703703704,4.019823789596558
RF,33,6,3,mutations+cnv+rppa,Mutations+CNV+RPPA,3,0.5044551282051282,0.5124060134952577,0.7111111111111111,3.7600996494293213
RF,33,6,3,mutations+mrna+rppa,Mutations+mRNA+RPPA,3,0.6109615384615384,0.6240797968362758,0.7851851851851852,2.8391361236572266
RF,33,6,3,cnv+mrna+rppa,CNV+mRNA+RPPA,3,0.6082532051282051,0.6145042016806722,0.7703703703703704,2.8054206371307373
RF,33,6,3,mutations+cnv+mrna+rppa,Mutations+CNV+mRNA+RPPA,4,0.6309615384615384,0.6454423423367522,0.8074074074074075,3.8268942832946777
XGB,33,6,3,EMPTY,Baseline,0,0.2,0.12864321608040202,0.4740740740740741,0.0
XGB,33,6,3,mutations,Mutations,1,0.37201923076923077,0.3647336075042743,0.562962962962963,8.618086576461792
XGB,33,6,3,cnv,CNV,1,0.4067147435897436,0.4136186087338161,0.5407407407407407,9.585582733154297
XGB,33,6,3,mrna,mRNA,1,0.7217307692307692,0.7202574973413682,0.8074074074074075,4.737027406692505
XGB,33,6,3,rppa,RPPA,1,0.6030448717948718,0.5948459063584793,0.7407407407407407,9.054444313049316
XGB,33,6,3,mutations+cnv,Mutations+CNV,2,0.42049679487179487,0.4197883154828631,0.5777777777777777,15.3456392288208
XGB,33,6,3,mutations+mrna,Mutations+mRNA,2,0.7028044871794872,0.6964596327419856,0.8,12.79302430152893
XGB,33,6,3,mutations+rppa,Mutations+RPPA,2,0.5928365384615385,0.5876491990348892,0.7333333333333333,14.1985342502594
XGB,33,6,3,cnv+mrna,CNV+mRNA,2,0.6878365384615386,0.698648859047341,0.7851851851851852,9.373246908187866
XGB,33,6,3,cnv+rppa,CNV+RPPA,2,0.6047115384615385,0.5976822988205811,0.7407407407407407,14.053957462310791
XGB,33,6,3,mrna+rppa,mRNA+RPPA,2,0.7469070512820514,0.7371842884046274,0.8296296296296296,12.524302005767822
XGB,33,6,3,mutations+cnv+mrna,Mutations+CNV+mRNA,3,0.7059294871794871,0.7137391016539074,0.8074074074074075,17.19883632659912
XGB,33,6,3,mutations+cnv+rppa,Mutations+CNV+RPPA,3,0.5828365384615385,0.574539183077275,0.725925925925926,22.117299556732178
XGB,33,6,3,mutations+mrna+rppa,Mutations+mRNA+RPPA,3,0.7562820512820514,0.7725737310033722,0.8518518518518519,17.181350231170654
XGB,33,6,3,cnv+mrna+rppa,CNV+mRNA+RPPA,3,0.7283974358974359,0.7339799755799755,0.8148148148148148,16.736342668533325
XGB,33,6,3,mutations+cnv+mrna+rppa,Mutations+CNV+mRNA+RPPA,4,0.7469070512820514,0.7489607077803799,0.8296296296296296,23.722511053085327
SVM,33,6,3,EMPTY,Baseline,0,0.2,0.12864321608040202,0.4740740740740741,0.0
SVM,33,6,3,mutations,Mutations,1,0.3732051282051282,0.343358395989975,0.4962962962962963,0.0313265323638916
SVM,33,6,3,cnv,CNV,1,0.553701923076923,0.49187311762672364,0.5259259259259259,0.034822702407836914
SVM,33,6,3,mrna,mRNA,1,0.7577724358974359,0.7567414182475158,0.8592592592592593,0.01624298095703125
SVM,33,6,3,rppa,RPPA,1,0.6725961538461538,0.6570225013082156,0.7407407407407407,0.02109074592590332
SVM,33,6,3,mutations+cnv,Mutations+CNV,2,0.553701923076923,0.49187311762672364,0.5259259259259259,0.032781124114990234
SVM,33,6,3,mutations+mrna,Mutations+mRNA,2,0.7577724358974359,0.7567414182475158,0.8592592592592593,0.022036314010620117
SVM,33,6,3,mutations+rppa,Mutations+RPPA,2,0.6875961538461539,0.6778970658970659,0.7555555555555555,0.029965877532958984
SVM,33,6,3,cnv+mrna,CNV+mRNA,2,0.7136057692307693,0.69218248861106,0.762962962962963,0.02756023406982422
SVM,33,6,3,cnv+rppa,CNV+RPPA,2,0.5501602564102563,0.4912791389275151,0.5259259259259259,0.032064199447631836
SVM,33,6,3,mrna+rppa,mRNA+RPPA,2,0.7577724358974359,0.7567414182475158,0.8592592592592593,0.022214174270629883
SVM,33,6,3,mutations+cnv+mrna,Mutations+CNV+mRNA,3,0.7104807692307693,0.6882326816612531,0.7555555555555555,0.03055119514465332
SVM,33,6,3,mutations+cnv+rppa,Mutations+CNV+RPPA,3,0.5501602564102563,0.4896774335145575,0.5259259259259259,0.037859439849853516
SVM,33,6,3,mutations+mrna+rppa,Mutations+mRNA+RPPA,3,0.7577724358974359,0.7567414182475158,0.8592592592592593,0.025029420852661133
SVM,33,6,3,cnv+mrna+rppa,CNV+mRNA+RPPA,3,0.7104807692307693,0.6882326816612531,0.7555555555555555,0.03150129318237305
SVM,33,6,3,mutations+cnv+mrna+rppa,Mutations+CNV+mRNA+RPPA,4,0.7104807692307693,0.6882326816612531,0.7555555555555555,0.03486037254333496
RF,34,6,4,EMPTY,Baseline,0,0.2,0.12864321608040202,0.4740740740740741,0.0
RF,34,6,4,mutations,Mutations,1,0.3589381720430107,0.3052122241086587,0.5925925925925926,2.1681923866271973
RF,34,6,4,cnv,CNV,1,0.4694892473118279,0.5050098452883264,0.6814814814814815,2.1535239219665527
RF,34,6,4,mrna,mRNA,1,0.6065524193548387,0.628095238095238,0.8074074074074075,2.0576236248016357
RF,34,6,4,rppa,RPPA,1,0.5282594086021506,0.5528179756751185,0.725925925925926,3.620682716369629
RF,34,6,4,mutations+cnv,Mutations+CNV,2,0.3820564516129032,0.3503327283726558,0.6074074074074074,2.959160327911377
RF,34,6,4,mutations+mrna,Mutations+mRNA,2,0.5424059139784947,0.5646352359928519,0.7555555555555555,2.4998159408569336
RF,34,6,4,mutations+rppa,Mutations+RPPA,2,0.465994623655914,0.4674185463659149,0.674074074074074,2.581232786178589
RF,34,6,4,cnv+mrna,CNV+mRNA,2,0.6265456989247311,0.6841767391888262,0.8,2.5789408683776855
RF,34,6,4,cnv+rppa,CNV+RPPA,2,0.526377688172043,0.5593088071348941,0.725925925925926,4.365782260894775
RF,34,6,4,mrna+rppa,mRNA+RPPA,2,0.6200940860215053,0.638910632746249,0.8074074074074075,2.4770493507385254
RF,34,6,4,mutations+cnv+mrna,Mutations+CNV+mRNA,3,0.5913642473118279,0.6454754209376058,0.7481481481481481,2.8015923500061035
RF,34,6,4,mutations+cnv+rppa,Mutations+CNV+RPPA,3,0.477654569892473,0.48070999537963954,0.6814814814814815,2.855803966522217
RF,34,6,4,mutations+mrna+rppa,Mutations+mRNA+RPPA,3,0.6061155913978495,0.623149103948216,0.8222222222222222,3.842714548110962
RF,34,6,4,cnv+mrna+rppa,CNV+mRNA+RPPA,3,0.6182123655913979,0.642407905339497,0.8148148148148148,3.7502639293670654
RF,34,6,4,mutations+cnv+mrna+rppa,Mutations+CNV+mRNA+RPPA,4,0.5784274193548387,0.6000800320128051,0.7925925925925926,3.0884344577789307
XGB,34,6,4,EMPTY,Baseline,0,0.2,0.12864321608040202,0.4740740740740741,0.0
XGB,34,6,4,mutations,Mutations,1,0.33743279569892476,0.32363706600994735,0.5481481481481482,9.795269966125488
XGB,34,6,4,cnv,CNV,1,0.4771841397849462,0.49034482758620684,0.6592592592592592,6.465265512466431
XGB,34,6,4,mrna,mRNA,1,0.7573252688172044,0.7932475262832406,0.8592592592592593,8.177457809448242
XGB,34,6,4,rppa,RPPA,1,0.5694556451612903,0.5820897119458988,0.7481481481481481,5.6430957317352295
XGB,34,6,4,mutations+cnv,Mutations+CNV,2,0.4873991935483871,0.502610096670247,0.6666666666666666,15.302955389022827
XGB,34,6,4,mutations+mrna,Mutations+mRNA,2,0.6977486559139786,0.7238091197119453,0.837037037037037,12.753923177719116
XGB,34,6,4,mutations+rppa,Mutations+RPPA,2,0.5809139784946236,0.5876204669647294,0.762962962962963,14.251678228378296
XGB,34,6,4,cnv+mrna,CNV+mRNA,2,0.7425403225806452,0.7815755320111285,0.8518518518518519,12.770486831665039
XGB,34,6,4,cnv+rppa,CNV+RPPA,2,0.6302755376344085,0.6408555974113783,0.8,14.107736110687256
XGB,34,6,4,mrna+rppa,mRNA+RPPA,2,0.7685819892473118,0.8091184920163584,0.8814814814814815,12.630574703216553
XGB,34,6,4,mutations+cnv+mrna,Mutations+CNV+mRNA,3,0.7265120967741936,0.750253159293407,0.8296296296296296,17.216814041137695
XGB,34,6,4,mutations+cnv+rppa,Mutations+CNV+RPPA,3,0.5990255376344086,0.6050486547589052,0.7777777777777778,19.41454768180847
XGB,34,6,4,mutations+mrna+rppa,Mutations+mRNA+RPPA,3,0.7685819892473118,0.8103515385289735,0.8814814814814815,20.477681398391724
XGB,34,6,4,cnv+mrna+rppa,CNV+mRNA+RPPA,3,0.7629704301075269,0.7853345307588684,0.8518518518518519,17.035145044326782
XGB,34,6,4,mutations+cnv+mrna+rppa,Mutations+CNV+mRNA+RPPA,4,0.7694220430107526,0.795821256542319,0.8592592592592593,20.99987554550171
SVM,34,6,4,EMPTY,Baseline,0,0.2,0.12864321608040202,0.4740740740740741,0.0
SVM,34,6,4,mutations,Mutations,1,0.35208333333333336,0.2931508967223253,0.5555555555555556,0.028288602828979492
SVM,34,6,4,cnv,CNV,1,0.6517137096774194,0.5697241268048722,0.6518518518518519,0.02384781837463379
SVM,34,6,4,mrna,mRNA,1,0.8175067204301076,0.8016339440450604,0.8740740740740741,0.016141414642333984
SVM,34,6,4,rppa,RPPA,1,0.637130376344086,0.6355311355311355,0.7481481481481481,0.021559476852416992
SVM,34,6,4,mutations+cnv,Mutations+CNV,2,0.6517137096774194,0.5697241268048722,0.6518518518518519,0.032645463943481445
SVM,34,6,4,mutations+mrna,Mutations+mRNA,2,0.8175067204301076,0.8016339440450604,0.8740740740740741,0.021942853927612305
SVM,34,6,4,mutations+rppa,Mutations+RPPA,2,0.6275537634408602,0.6218610432792074,0.7333333333333333,0.029955148696899414
SVM,34,6,4,cnv+mrna,CNV+mRNA,2,0.8191868279569892,0.7742106567083441,0.8148148148148148,0.030362367630004883
SVM,34,6,4,cnv+rppa,CNV+RPPA,2,0.6631720430107527,0.5902425835198944,0.6666666666666666,0.03270101547241211
SVM,34,6,4,mrna+rppa,mRNA+RPPA,2,0.8206317204301076,0.8058971704623878,0.8814814814814815,0.02253246307373047
SVM,34,6,4,mutations+cnv+mrna,Mutations+CNV+mRNA,3,0.8223118279569892,0.7783229434009844,0.8222222222222222,0.03150010108947754
SVM,34,6,4,mutations+cnv+rppa,Mutations+CNV+RPPA,3,0.6631720430107527,0.5902425835198944,0.6666666666666666,0.036763906478881836
SVM,34,6,4,mutations+mrna+rppa,Mutations+mRNA+RPPA,3,0.8237567204301076,0.8188264633916809,0.8888888888888888,0.036104440689086914
SVM,34,6,4,cnv+mrna+rppa,CNV+mRNA+RPPA,3,0.8256384408602152,0.7783843048507251,0.8222222222222222,0.048184871673583984
SVM,34,6,4,mutations+cnv+mrna+rppa,Mutations+CNV+mRNA+RPPA,4,0.8191868279569892,0.7736266585225151,0.8148148148148148,0.0524904727935791
RF,35,7,0,EMPTY,Baseline,0,0.2,0.1293532338308458,0.47794117647058826,0.0
RF,35,7,0,mutations,Mutations,1,0.3481842701478045,0.2954710947583364,0.5661764705882353,3.675055503845215
RF,35,7,0,cnv,CNV,1,0.4249045204444924,0.45479714734359755,0.5808823529411765,2.411172389984131
RF,35,7,0,mrna,mRNA,1,0.5996806559499407,0.5984026043050757,0.7867647058823529,2.036672353744507
RF,35,7,0,rppa,RPPA,1,0.5382587118351494,0.5518715101323797,0.7205882352941176,2.1221139430999756
RF,35,7,0,mutations+cnv,Mutations+CNV,2,0.4159974107239184,0.39575941312972523,0.6102941176470589,2.516376256942749
RF,35,7,0,mutations+mrna,Mutations+mRNA,2,0.5800884669327868,0.5875720470006185,0.7720588235294118,3.5259487628936768
RF,35,7,0,mutations+rppa,Mutations+RPPA,2,0.4893257093537599,0.4905629269621442,0.6838235294117647,3.536294937133789
RF,35,7,0,cnv+mrna,CNV+mRNA,2,0.5779048441040027,0.5841348438795247,0.7720588235294118,2.4373226165771484
RF,35,7,0,cnv+rppa,CNV+RPPA,2,0.5265465530262164,0.5463087362604616,0.7058823529411765,2.4953882694244385
RF,35,7,0,mrna+rppa,mRNA+RPPA,2,0.6245938073147049,0.638617113881012,0.8088235294117647,2.4430065155029297
RF,35,7,0,mutations+cnv+mrna,Mutations+CNV+mRNA,3,0.5535268097960946,0.5674891594064526,0.7647058823529411,4.18001389503479
RF,35,7,0,mutations+cnv+rppa,Mutations+CNV+RPPA,3,0.457128061279534,0.45555384876308624,0.6470588235294118,3.4394779205322266
RF,35,7,0,mutations+mrna+rppa,Mutations+mRNA+RPPA,3,0.615065271334556,0.6202991452991453,0.7941176470588235,2.8305835723876953
RF,35,7,0,cnv+mrna+rppa,CNV+mRNA+RPPA,3,0.620684000431546,0.6298198695714224,0.7941176470588235,2.771604061126709
RF,35,7,0,mutations+cnv+mrna+rppa,Mutations+CNV+mRNA+RPPA,4,0.6397410723918437,0.6442771514200085,0.8235294117647058,3.9501967430114746
XGB,35,7,0,EMPTY,Baseline,0,0.2,0.1293532338308458,0.47794117647058826,0.0
XGB,35,7,0,mutations,Mutations,1,0.36731902039054914,0.34646232439335883,0.5661764705882353,8.570191621780396
XGB,35,7,0,cnv,CNV,1,0.4331254720034524,0.4351360904913396,0.5735294117647058,9.525684595108032
XGB,35,7,0,mrna,mRNA,1,0.6698155140791887,0.6572579710144927,0.8308823529411765,4.566363573074341
XGB,35,7,0,rppa,RPPA,1,0.569386125795663,0.5671992392436426,0.7279411764705882,8.934126853942871
XGB,35,7,0,mutations+cnv,Mutations+CNV,2,0.48571366921998066,0.47844587929333693,0.6029411764705882,15.053680419921875
XGB,35,7,0,mutations+mrna,Mutations+mRNA,2,0.6602869780990398,0.6503921568627451,0.8161764705882353,9.464970350265503
XGB,35,7,0,mutations+rppa,Mutations+RPPA,2,0.5924738375229258,0.5930009006796036,0.7720588235294118,14.036892414093018
XGB,35,7,0,cnv+mrna,CNV+mRNA,2,0.6572100550221167,0.6485857052498419,0.8088235294117647,12.133579969406128
XGB,35,7,0,cnv+rppa,CNV+RPPA,2,0.591580537274787,0.5929795918367347,0.7352941176470589,13.832090139389038
XGB,35,7,0,mrna+rppa,mRNA+RPPA,2,0.7036616679253426,0.6896674191949783,0.8529411764705882,12.297086715698242
XGB,35,7,0,mutations+cnv+mrna,Mutations+CNV+mRNA,3,0.6504606753695112,0.6437197894905994,0.8088235294117647,16.67832851409912
XGB,35,7,0,mutations+cnv+rppa,Mutations+CNV+RPPA,3,0.5773265724457871,0.5837587595522719,0.7279411764705882,22.158620834350586
XGB,35,7,0,mutations+mrna+rppa,Mutations+mRNA+RPPA,3,0.6907584421188909,0.6816892409915665,0.8382352941176471,16.878127574920654
XGB,35,7,0,cnv+mrna+rppa,CNV+mRNA+RPPA,3,0.6818254396375014,0.6805903398926654,0.8382352941176471,16.44609498977661
XGB,35,7,0,mutations+cnv+mrna+rppa,Mutations+CNV+mRNA+RPPA,4,0.6821232063868811,0.6798270552001895,0.8308823529411765,21.867146253585815
SVM,35,7,0,EMPTY,Baseline,0,0.2,0.1293532338308458,0.47794117647058826,0.0
SVM,35,7,0,mutations,Mutations,1,0.3260502751105837,0.30663056750013273,0.4411764705882353,0.04741263389587402
SVM,35,7,0,cnv,CNV,1,0.42645377063329376,0.4311324130016539,0.5147058823529411,0.0380396842956543
SVM,35,7,0,mrna,mRNA,1,0.6765648937317942,0.6619544565821842,0.8308823529411765,0.026628971099853516
SVM,35,7,0,rppa,RPPA,1,0.6754871075628438,0.6545696663863191,0.7352941176470589,0.03537702560424805
SVM,35,7,0,mutations+cnv,Mutations+CNV,2,0.42645377063329376,0.4280554899247308,0.5147058823529411,0.04282379150390625
SVM,35,7,0,mutations+mrna,Mutations+mRNA,2,0.6765648937317942,0.6619544565821842,0.8308823529411765,0.030097484588623047
SVM,35,7,0,mutations+rppa,Mutations+RPPA,2,0.6667914553889308,0.644724961079398,0.7279411764705882,0.040103912353515625
SVM,35,7,0,cnv+mrna,CNV+mRNA,2,0.6457956629625634,0.6342193568676782,0.7573529411764706,0.04230928421020508
SVM,35,7,0,cnv+rppa,CNV+RPPA,2,0.4469219980580429,0.447200981780421,0.5367647058823529,0.044884681701660156
SVM,35,7,0,mrna+rppa,mRNA+RPPA,2,0.6765648937317942,0.6619544565821842,0.8308823529411765,0.030566930770874023
SVM,35,7,0,mutations+cnv+mrna,Mutations+CNV+mRNA,3,0.6457956629625634,0.6342193568676782,0.7573529411764706,0.04363894462585449
SVM,35,7,0,mutations+cnv+rppa,Mutations+CNV+RPPA,3,0.4469219980580429,0.4441240587034979,0.5367647058823529,0.05099678039550781
SVM,35,7,0,mutations+mrna+rppa,Mutations+mRNA+RPPA,3,0.6765648937317942,0.6619544565821842,0.8308823529411765,0.03873920440673828
SVM,35,7,0,cnv+mrna+rppa,CNV+mRNA+RPPA,3,0.6457956629625634,0.6342193568676782,0.7573529411764706,0.045049428939819336
SVM,35,7,0,mutations+cnv+mrna+rppa,Mutations+CNV+mRNA+RPPA,4,0.6457956629625634,0.6342193568676782,0.7573529411764706,0.054375648498535156
RF,36,7,1,EMPTY,Baseline,0,0.2,0.1293532338308458,0.47794117647058826,0.0
RF,36,7,1,mutations,Mutations,1,0.35965907864926094,0.3032867682323289,0.5882352941176471,2.773857593536377
RF,36,7,1,cnv,CNV,1,0.3894627252130759,0.4047151006350232,0.5955882352941176,2.1277170181274414
RF,36,7,1,mrna,mRNA,1,0.6483763081238537,0.6647188665175243,0.8308823529411765,2.0967350006103516
RF,36,7,1,rppa,RPPA,1,0.4845226022224619,0.49228734187771195,0.6617647058823529,2.0868825912475586
RF,36,7,1,mutations+cnv,Mutations+CNV,2,0.3972381055130004,0.35523988206915036,0.6323529411764706,3.3061320781707764
RF,36,7,1,mutations+mrna,Mutations+mRNA,2,0.601031394972489,0.6189108366133995,0.7794117647058824,3.9149904251098633
RF,36,7,1,mutations+rppa,Mutations+RPPA,2,0.4881950587981444,0.4914622605799076,0.6838235294117647,3.1325690746307373
RF,36,7,1,cnv+mrna,CNV+mRNA,2,0.6370751968928687,0.6996439341943803,0.8014705882352942,2.517695665359497
RF,36,7,1,cnv+rppa,CNV+RPPA,2,0.4736433272197648,0.4980254018985673,0.6838235294117647,2.446828842163086
RF,36,7,1,mrna+rppa,mRNA+RPPA,2,0.5831653900097098,0.6035250983779634,0.7794117647058824,4.0695812702178955
RF,36,7,1,mutations+cnv+mrna,Mutations+CNV+mRNA,3,0.6253630380839357,0.6827692307692307,0.7867647058823529,3.2390902042388916
RF,36,7,1,mutations+cnv+rppa,Mutations+CNV+RPPA,3,0.4840479016075089,0.48966897724720004,0.7058823529411765,2.8336141109466553
RF,36,7,1,mutations+mrna+rppa,Mutations+mRNA+RPPA,3,0.5954730823174021,0.620962148962149,0.7794117647058824,2.834731101989746
RF,36,7,1,cnv+mrna+rppa,CNV+mRNA+RPPA,3,0.6116269284712483,0.6690134628419085,0.7647058823529411,3.765120506286621
RF,36,7,1,mutations+cnv+mrna+rppa,Mutations+CNV+mRNA+RPPA,4,0.5677807746250945,0.5943260196527123,0.7720588235294118,4.2062811851501465
XGB,36,7,1,EMPTY,Baseline,0,0.2,0.1293532338308458,0.47794117647058826,0.0
XGB,36,7,1,mutations,Mutations,1,0.3538202610853382,0.3270549466294147,0.5661764705882353,6.568234443664551
XGB,36,7,1,cnv,CNV,1,0.4497540187722516,0.4710480888062798,0.6029411764705882,9.60826325416565
XGB,36,7,1,mrna,mRNA,1,0.8087981443521415,0.8332680917755544,0.8455882352941176,4.786353588104248
XGB,36,7,1,rppa,RPPA,1,0.5402826626389039,0.548201885003625,0.6985294117647058,8.867574453353882
XGB,36,7,1,mutations+cnv,Mutations+CNV,2,0.46761031394972485,0.45532046465814346,0.6691176470588235,15.381969213485718
XGB,36,7,1,mutations+mrna,Mutations+mRNA,2,0.7400388391412235,0.7735454670854618,0.8308823529411765,12.957688093185425
XGB,36,7,1,mutations+rppa,Mutations+RPPA,2,0.5897475455820478,0.6233587220988046,0.7205882352941176,14.185066223144531
XGB,36,7,1,cnv+mrna,CNV+mRNA,2,0.7747782932355163,0.7919010946297304,0.8602941176470589,12.755652666091919
XGB,36,7,1,cnv+rppa,CNV+RPPA,2,0.5866706225051246,0.6056895771511869,0.7132352941176471,14.042577981948853
XGB,36,7,1,mrna+rppa,mRNA+RPPA,2,0.699865141870752,0.7384429553401672,0.8308823529411765,9.432693481445312
XGB,36,7,1,mutations+cnv+mrna,Mutations+CNV+mRNA,3,0.8020487646995361,0.8038077271177873,0.8455882352941176,20.634236335754395
XGB,36,7,1,mutations+cnv+rppa,Mutations+CNV+RPPA,3,0.670279426043802,0.6806873923683495,0.75,18.867594242095947
XGB,36,7,1,mutations+mrna+rppa,Mutations+mRNA+RPPA,3,0.6934135289675262,0.7328019323671497,0.8235294117647058,17.195284605026245
XGB,36,7,1,cnv+mrna+rppa,CNV+mRNA+RPPA,3,0.7366641493149207,0.7666368855730556,0.8308823529411765,20.0892596244812
XGB,36,7,1,mutations+cnv+mrna+rppa,Mutations+CNV+mRNA+RPPA,4,0.7400388391412235,0.7687141715199269,0.8308823529411765,21.013559579849243
SVM,36,7,1,EMPTY,Baseline,0,0.2,0.1293532338308458,0.47794117647058826,0.0
SVM,36,7,1,mutations,Mutations,1,0.39628438882295824,0.34472443810800296,0.5661764705882353,0.028220415115356445
SVM,36,7,1,cnv,CNV,1,0.6846175423454526,0.5784436111268596,0.6029411764705882,0.0232694149017334
SVM,36,7,1,mrna,mRNA,1,0.8902233250620346,0.8530598635235732,0.8823529411764706,0.027849912643432617
SVM,36,7,1,rppa,RPPA,1,0.5521760707735461,0.5574022781110355,0.6838235294117647,0.02191019058227539
SVM,36,7,1,mutations+cnv,Mutations+CNV,2,0.6692329269608372,0.5655453325666093,0.5955882352941176,0.030220985412597656
SVM,36,7,1,mutations+mrna,Mutations+mRNA,2,0.8902233250620346,0.8530598635235732,0.8823529411764706,0.021460294723510742
SVM,36,7,1,mutations+rppa,Mutations+RPPA,2,0.5770892221383105,0.5782186627836428,0.7058823529411765,0.032422542572021484
SVM,36,7,1,cnv+mrna,CNV+mRNA,2,0.9089826302729529,0.8558889143421029,0.8602941176470589,0.025666236877441406
SVM,36,7,1,cnv+rppa,CNV+RPPA,2,0.6938483115762218,0.5995090201570763,0.625,0.030047893524169922
SVM,36,7,1,mrna+rppa,mRNA+RPPA,2,0.8402233250620347,0.8221378777079705,0.875,0.020954608917236328
SVM,36,7,1,mutations+cnv+mrna,Mutations+CNV+mRNA,3,0.9089826302729529,0.8558889143421029,0.8602941176470589,0.032085418701171875
SVM,36,7,1,mutations+cnv+rppa,Mutations+CNV+RPPA,3,0.6938483115762218,0.5995090201570763,0.625,0.03723454475402832
SVM,36,7,1,mutations+mrna+rppa,Mutations+mRNA+RPPA,3,0.8402233250620347,0.8221378777079705,0.875,0.025743961334228516
SVM,36,7,1,cnv+mrna+rppa,CNV+mRNA+RPPA,3,0.8559057071960299,0.8208987424757137,0.8455882352941176,0.03297710418701172
SVM,36,7,1,mutations+cnv+mrna+rppa,Mutations+CNV+mRNA+RPPA,4,0.8559057071960299,0.8208987424757137,0.8455882352941176,0.03447604179382324
RF,37,7,2,EMPTY,Baseline,0,0.2,0.12864321608040202,0.4740740740740741,0.0
RF,37,7,2,mutations,Mutations,1,0.3789314516129032,0.3213991583329562,0.6074074074074074,2.218681573867798
RF,37,7,2,cnv,CNV,1,0.4805857113316791,0.5435564435564435,0.6296296296296297,3.0807089805603027
RF,37,7,2,mrna,mRNA,1,0.6406508478081059,0.6595244755244756,0.8444444444444444,3.02583646774292
RF,37,7,2,rppa,RPPA,1,0.5300997725392886,0.5481505103143121,0.7185185185185186,2.1231467723846436
RF,37,7,2,mutations+cnv,Mutations+CNV,2,0.43466708023159634,0.4264728648834609,0.6666666666666666,2.5708837509155273
RF,37,7,2,mutations+mrna,Mutations+mRNA,2,0.5784687758478081,0.5961466972571311,0.8,2.6013619899749756
RF,37,7,2,mutations+rppa,Mutations+RPPA,2,0.5301824855252275,0.5408920446562699,0.7407407407407407,3.517117977142334
RF,37,7,2,cnv+mrna,CNV+mRNA,2,0.7019023986765923,0.7574455979683943,0.837037037037037,3.588332414627075
RF,37,7,2,cnv+rppa,CNV+RPPA,2,0.6152760545905708,0.6636487801604081,0.7407407407407407,2.5339772701263428
RF,37,7,2,mrna+rppa,mRNA+RPPA,2,0.6822348014888338,0.6955571095571095,0.8592592592592593,2.58632755279541
RF,37,7,2,mutations+cnv+mrna,Mutations+CNV+mRNA,3,0.6238213399503721,0.6475777598710717,0.837037037037037,2.845036506652832
RF,37,7,2,mutations+cnv+rppa,Mutations+CNV+RPPA,3,0.5351504342431762,0.5579521531100479,0.7481481481481481,4.797257900238037
RF,37,7,2,mutations+mrna+rppa,Mutations+mRNA+RPPA,3,0.6148443961952027,0.6312476489028214,0.8148148148148148,2.928036689758301
RF,37,7,2,cnv+mrna+rppa,CNV+mRNA+RPPA,3,0.6954507857733665,0.7477604480527389,0.8296296296296296,2.8120744228363037
RF,37,7,2,mutations+cnv+mrna+rppa,Mutations+CNV+mRNA+RPPA,4,0.6392059553349876,0.6595704948646125,0.8444444444444444,3.0825953483581543
XGB,37,7,2,EMPTY,Baseline,0,0.2,0.12864321608040202,0.4740740740740741,0.0
XGB,37,7,2,mutations,Mutations,1,0.36451612903225805,0.33562998405103667,0.562962962962963,9.820820808410645
XGB,37,7,2,cnv,CNV,1,0.47381617038875107,0.4765598290598291,0.6074074074074074,9.105238914489746
XGB,37,7,2,mrna,mRNA,1,0.7968672456575683,0.8077734753578527,0.8740740740740741,5.2034382820129395
XGB,37,7,2,rppa,RPPA,1,0.6274632961124896,0.6198895828392231,0.7777777777777778,5.929008722305298
XGB,37,7,2,mutations+cnv,Mutations+CNV,2,0.4651623242349049,0.4618055555555555,0.6370370370370371,18.07654643058777
XGB,37,7,2,mutations+mrna,Mutations+mRNA,2,0.7783576302729528,0.8174115347018572,0.8592592592592593,9.689712047576904
XGB,37,7,2,mutations+rppa,Mutations+RPPA,2,0.6339149090157155,0.6300322061191627,0.7851851851851852,14.204968929290771
XGB,37,7,2,cnv+mrna,CNV+mRNA,2,0.8332868072787429,0.8689070075675478,0.9111111111111111,12.82093858718872
XGB,37,7,2,cnv+rppa,CNV+RPPA,2,0.7370786807278742,0.7492930617368809,0.7777777777777778,13.998233318328857
XGB,37,7,2,mrna+rppa,mRNA+RPPA,2,0.7653329197684037,0.8074970760233917,0.8740740740740741,12.96759557723999
XGB,37,7,2,mutations+cnv+mrna,Mutations+CNV+mRNA,3,0.8270368072787428,0.859864221142155,0.8962962962962963,17.448472023010254
XGB,37,7,2,mutations+cnv+rppa,Mutations+CNV+RPPA,3,0.6666873449131514,0.7043199174406605,0.7703703703703704,22.512251615524292
XGB,37,7,2,mutations+mrna+rppa,Mutations+mRNA+RPPA,3,0.6743486352357321,0.6867474747474748,0.8592592592592593,17.54715919494629
XGB,37,7,2,cnv+mrna+rppa,CNV+mRNA+RPPA,3,0.7468233043837883,0.7825053678973554,0.8592592592592593,17.402873754501343
XGB,37,7,2,mutations+cnv+mrna+rppa,Mutations+CNV+mRNA+RPPA,4,0.7659765301902399,0.806273460284783,0.8888888888888888,24.6082866191864
SVM,37,7,2,EMPTY,Baseline,0,0.2,0.12864321608040202,0.4740740740740741,0.0
SVM,37,7,2,mutations,Mutations,1,0.38281896195202647,0.3493332683576586,0.562962962962963,0.0279085636138916
SVM,37,7,2,cnv,CNV,1,0.6802341811414392,0.5360484868362614,0.5851851851851851,0.02458786964416504
SVM,37,7,2,mrna,mRNA,1,0.926315653432589,0.9179383924840859,0.9185185185185185,0.016803264617919922
SVM,37,7,2,rppa,RPPA,1,0.7244675351530192,0.6823502123971534,0.7481481481481481,0.0219573974609375
SVM,37,7,2,mutations+cnv,Mutations+CNV,2,0.6864841811414392,0.5494488761247225,0.6,0.030971050262451172
SVM,37,7,2,mutations+mrna,Mutations+mRNA,2,0.926315653432589,0.9179383924840859,0.9185185185185185,0.024732351303100586
SVM,37,7,2,mutations+rppa,Mutations+RPPA,2,0.7338425351530191,0.7088747725078732,0.7703703703703704,0.02945423126220703
SVM,37,7,2,cnv+mrna,CNV+mRNA,2,0.8936207609594706,0.8430376029826956,0.8444444444444444,0.02761363983154297
SVM,37,7,2,cnv+rppa,CNV+RPPA,2,0.7049937965260547,0.5654694768394284,0.6148148148148148,0.031787872314453125
SVM,37,7,2,mrna+rppa,mRNA+RPPA,2,0.9136140405293631,0.8780113585170202,0.8962962962962963,0.021015405654907227
SVM,37,7,2,mutations+cnv+mrna,Mutations+CNV+mRNA,3,0.8936207609594706,0.8430376029826956,0.8444444444444444,0.03331184387207031
SVM,37,7,2,mutations+cnv+rppa,Mutations+CNV+RPPA,3,0.7081187965260546,0.5714580331358297,0.6222222222222222,0.037775278091430664
SVM,37,7,2,mutations+mrna+rppa,Mutations+mRNA+RPPA,3,0.9167390405293631,0.9082560154349055,0.9037037037037037,0.032158851623535156
SVM,37,7,2,cnv+mrna+rppa,CNV+mRNA+RPPA,3,0.8936207609594706,0.8430376029826956,0.8444444444444444,0.03302884101867676
SVM,37,7,2,mutations+cnv+mrna+rppa,Mutations+CNV+mRNA+RPPA,4,0.8936207609594706,0.8430376029826956,0.8444444444444444,0.038634300231933594
RF,38,7,3,EMPTY,Baseline,0,0.2,0.12864321608040202,0.4740740740740741,0.0
RF,38,7,3,mutations,Mutations,1,0.32791666666666663,0.28053506745386614,0.562962962962963,2.3145084381103516
RF,38,7,3,cnv,CNV,1,0.5513301282051282,0.5984581171237954,0.674074074074074,2.258328437805176
RF,38,7,3,mrna,mRNA,1,0.649471153846154,0.6622960372960373,0.8222222222222222,3.600384473800659
RF,38,7,3,rppa,RPPA,1,0.5600160256410256,0.5645740886282571,0.7555555555555555,3.026939868927002
RF,38,7,3,mutations+cnv,Mutations+CNV,2,0.3861538461538462,0.388177229836216,0.5925925925925926,2.6765661239624023
RF,38,7,3,mutations+mrna,Mutations+mRNA,2,0.5850961538461539,0.6062201838906354,0.7481481481481481,2.6661338806152344
RF,38,7,3,mutations+rppa,Mutations+RPPA,2,0.5081730769230769,0.5324537022016014,0.7111111111111111,2.694044589996338
RF,38,7,3,cnv+mrna,CNV+mRNA,2,0.7120352564102564,0.7626695492956891,0.8148148148148148,4.580531358718872
RF,38,7,3,cnv+rppa,CNV+RPPA,2,0.5466826923076923,0.5421403878752286,0.7407407407407407,2.6670050621032715
RF,38,7,3,mrna+rppa,mRNA+RPPA,2,0.6628044871794871,0.6711062271062271,0.837037037037037,2.6496598720550537
RF,38,7,3,mutations+cnv+mrna,Mutations+CNV+mRNA,3,0.5524519230769231,0.5731769387596936,0.7333333333333333,2.980870485305786
RF,38,7,3,mutations+cnv+rppa,Mutations+CNV+RPPA,3,0.4798397435897436,0.49533054832671325,0.6814814814814815,4.207459449768066
RF,38,7,3,mutations+mrna+rppa,Mutations+mRNA+RPPA,3,0.6226282051282052,0.6349200075287031,0.8,3.70843505859375
RF,38,7,3,cnv+mrna+rppa,CNV+mRNA+RPPA,3,0.7034294871794872,0.7396069538926682,0.8222222222222222,2.8493330478668213
RF,38,7,3,mutations+cnv+mrna+rppa,Mutations+CNV+mRNA+RPPA,4,0.5851923076923077,0.5991021348215076,0.7777777777777778,3.150710105895996
XGB,38,7,3,EMPTY,Baseline,0,0.2,0.12864321608040202,0.4740740740740741,0.0
XGB,38,7,3,mutations,Mutations,1,0.3804166666666666,0.3780929762061837,0.562962962962963,9.948472023010254
XGB,38,7,3,cnv,CNV,1,0.5804326923076923,0.6218181818181818,0.6518518518518519,7.132486820220947
XGB,38,7,3,mrna,mRNA,1,0.768253205128205,0.8073390468227425,0.8518518518518519,7.531797885894775
XGB,38,7,3,rppa,RPPA,1,0.6501602564102564,0.646198602481703,0.8148148148148148,5.788126230239868
XGB,38,7,3,mutations+cnv,Mutations+CNV,2,0.5127564102564103,0.5533352266153376,0.6518518518518519,17.64497709274292
XGB,38,7,3,mutations+mrna,Mutations+mRNA,2,0.7501282051282051,0.7922709874081343,0.8296296296296296,10.658354997634888
XGB,38,7,3,mutations+rppa,Mutations+RPPA,2,0.619326923076923,0.6292278429922443,0.8,14.638260126113892
XGB,38,7,3,cnv+mrna,CNV+mRNA,2,0.7388782051282051,0.7624741200828158,0.8074074074074075,12.907200574874878
XGB,38,7,3,cnv+rppa,CNV+RPPA,2,0.6395673076923077,0.6658211948366424,0.7703703703703704,14.476090908050537
XGB,38,7,3,mrna+rppa,mRNA+RPPA,2,0.7647115384615384,0.8034868817766407,0.8518518518518519,12.741667747497559
XGB,38,7,3,mutations+cnv+mrna,Mutations+CNV+mRNA,3,0.7536698717948719,0.7936010435632047,0.8296296296296296,17.708425760269165
XGB,38,7,3,mutations+cnv+rppa,Mutations+CNV+RPPA,3,0.6497435897435897,0.683494071146245,0.7777777777777778,22.99553942680359
XGB,38,7,3,mutations+mrna+rppa,Mutations+mRNA+RPPA,3,0.7522115384615384,0.7877236073404054,0.8222222222222222,17.40291428565979
XGB,38,7,3,cnv+mrna+rppa,CNV+mRNA+RPPA,3,0.7703044871794872,0.8064347719582958,0.8444444444444444,17.437162399291992
XGB,38,7,3,mutations+cnv+mrna+rppa,Mutations+CNV+mRNA+RPPA,4,0.7707211538461538,0.8038967381824526,0.837037037037037,24.86531925201416
SVM,38,7,3,EMPTY,Baseline,0,0.2,0.12864321608040202,0.4740740740740741,0.0
SVM,38,7,3,mutations,Mutations,1,0.3457692307692308,0.3074017793363205,0.5555555555555556,0.028970718383789062
SVM,38,7,3,cnv,CNV,1,0.6873076923076924,0.6168072979254593,0.6370370370370371,0.024170398712158203
SVM,38,7,3,mrna,mRNA,1,0.8306250000000001,0.7971335697399526,0.8666666666666667,0.016199588775634766
SVM,38,7,3,rppa,RPPA,1,0.6530128205128205,0.6369820287239643,0.7925925925925926,0.02216315269470215
SVM,38,7,3,mutations+cnv,Mutations+CNV,2,0.6873076923076924,0.6168072979254593,0.6370370370370371,0.03325915336608887
SVM,38,7,3,mutations+mrna,Mutations+mRNA,2,0.8306250000000001,0.7971335697399526,0.8666666666666667,0.02254652976989746
SVM,38,7,3,mutations+rppa,Mutations+RPPA,2,0.6498878205128206,0.6350937517766786,0.7851851851851852,0.029775619506835938
SVM,38,7,3,cnv+mrna,CNV+mRNA,2,0.8619391025641026,0.788866513356458,0.7851851851851852,0.027724266052246094
SVM,38,7,3,cnv+rppa,CNV+RPPA,2,0.6923076923076923,0.616160655791283,0.6444444444444445,0.03391718864440918
SVM,38,7,3,mrna+rppa,mRNA+RPPA,2,0.8372916666666667,0.8067644273880518,0.8740740740740741,0.022040605545043945
SVM,38,7,3,mutations+cnv+mrna,Mutations+CNV+mRNA,3,0.8650641025641026,0.803168509295622,0.7925925925925926,0.031229019165039062
SVM,38,7,3,mutations+cnv+rppa,Mutations+CNV+RPPA,3,0.6923076923076923,0.616160655791283,0.6444444444444445,0.03818678855895996
SVM,38,7,3,mutations+mrna+rppa,Mutations+mRNA+RPPA,3,0.8372916666666667,0.8067644273880518,0.8740740740740741,0.025072336196899414
SVM,38,7,3,cnv+mrna+rppa,CNV+mRNA+RPPA,3,0.8619391025641026,0.788866513356458,0.7851851851851852,0.03171253204345703
SVM,38,7,3,mutations+cnv+mrna+rppa,Mutations+CNV+mRNA+RPPA,4,0.8650641025641026,0.803168509295622,0.7925925925925926,0.03477954864501953
RF,39,7,4,EMPTY,Baseline,0,0.2,0.12864321608040202,0.4740740740740741,0.0
RF,39,7,4,mutations,Mutations,1,0.38995295698924737,0.355343718515074,0.6222222222222222,2.2364561557769775
RF,39,7,4,cnv,CNV,1,0.5268145161290323,0.5756840568652074,0.6518518518518519,2.364248275756836
RF,39,7,4,mrna,mRNA,1,0.5924059139784947,0.6185108698596872,0.7851851851851852,3.609529495239258
RF,39,7,4,rppa,RPPA,1,0.5409610215053764,0.5684339611570733,0.7481481481481481,2.35578989982605
RF,39,7,4,mutations+cnv,Mutations+CNV,2,0.4168346774193548,0.4104520404484351,0.6296296296296297,2.613281726837158
RF,39,7,4,mutations+mrna,Mutations+mRNA,2,0.5284610215053763,0.5462505744019462,0.7333333333333333,2.5648932456970215
RF,39,7,4,mutations+rppa,Mutations+RPPA,2,0.4634744623655914,0.47189069720715293,0.6962962962962963,2.8147823810577393
RF,39,7,4,cnv+mrna,CNV+mRNA,2,0.6424059139784947,0.6969603102429786,0.7925925925925926,4.398432970046997
RF,39,7,4,cnv+rppa,CNV+RPPA,2,0.512231182795699,0.5392610828953,0.7037037037037037,2.601306200027466
RF,39,7,4,mrna+rppa,mRNA+RPPA,2,0.6061491935483871,0.6191395730706075,0.7777777777777778,2.5745959281921387
RF,39,7,4,mutations+cnv+mrna,Mutations+CNV+mRNA,3,0.5782594086021505,0.6282193362193362,0.7481481481481481,2.904477596282959
RF,39,7,4,mutations+cnv+rppa,Mutations+CNV+RPPA,3,0.4770161290322581,0.4948227637773471,0.6962962962962963,4.13771390914917
RF,39,7,4,mutations+mrna+rppa,Mutations+mRNA+RPPA,3,0.5232526881720431,0.5475108225108226,0.7333333333333333,3.72188138961792
RF,39,7,4,cnv+mrna+rppa,CNV+mRNA+RPPA,3,0.669489247311828,0.7206462585034014,0.7925925925925926,2.9311652183532715
RF,39,7,4,mutations+cnv+mrna+rppa,Mutations+CNV+mRNA+RPPA,4,0.5282594086021505,0.5600175933015132,0.7333333333333333,3.190843343734741
XGB,39,7,4,EMPTY,Baseline,0,0.2,0.12864321608040202,0.4740740740740741,0.0
XGB,39,7,4,mutations,Mutations,1,0.37204301075268814,0.37023888277546324,0.5481481481481482,9.950557708740234
XGB,39,7,4,cnv,CNV,1,0.5214045698924732,0.504,0.6370370370370371,8.128718852996826
XGB,39,7,4,mrna,mRNA,1,0.7513104838709678,0.7705595981626516,0.8444444444444444,6.481957912445068
XGB,39,7,4,rppa,RPPA,1,0.5871639784946237,0.6106618119511673,0.7703703703703704,5.9771246910095215
XGB,39,7,4,mutations+cnv,Mutations+CNV,2,0.4766129032258064,0.4862653950312022,0.6592592592592592,18.87162947654724
XGB,39,7,4,mutations+mrna,Mutations+mRNA,2,0.7379704301075269,0.7595379563914164,0.837037037037037,9.937564134597778
XGB,39,7,4,mutations+rppa,Mutations+RPPA,2,0.5621639784946237,0.5842492798151918,0.762962962962963,14.94316577911377
XGB,39,7,4,cnv+mrna,CNV+mRNA,2,0.791733870967742,0.8074913935039666,0.837037037037037,12.518339157104492
XGB,39,7,4,cnv+rppa,CNV+RPPA,2,0.6190524193548387,0.6769144648454992,0.762962962962963,14.56739091873169
XGB,39,7,4,mrna+rppa,mRNA+RPPA,2,0.7386088709677419,0.7588404138234648,0.8222222222222222,12.75539755821228
XGB,39,7,4,mutations+cnv+mrna,Mutations+CNV+mRNA,3,0.7559139784946237,0.7680511899416256,0.8,17.902026414871216
XGB,39,7,4,mutations+cnv+rppa,Mutations+CNV+RPPA,3,0.6952956989247312,0.7519799130047855,0.8,23.305540800094604
XGB,39,7,4,mutations+mrna+rppa,Mutations+mRNA+RPPA,3,0.7257056451612903,0.7472228468049364,0.8074074074074075,17.617423057556152
XGB,39,7,4,cnv+mrna+rppa,CNV+mRNA+RPPA,3,0.7386088709677419,0.7681382438032685,0.8222222222222222,19.788469314575195
XGB,39,7,4,mutations+cnv+mrna+rppa,Mutations+CNV+mRNA+RPPA,4,0.7886088709677419,0.8039375072062723,0.8296296296296296,22.427035331726074
SVM,39,7,4,EMPTY,Baseline,0,0.2,0.12864321608040202,0.4740740740740741,0.0
SVM,39,7,4,mutations,Mutations,1,0.3914314516129032,0.363925097412609,0.5851851851851851,0.030794620513916016
SVM,39,7,4,cnv,CNV,1,0.7782258064516129,0.6568823115324058,0.674074074074074,0.03605532646179199
SVM,39,7,4,mrna,mRNA,1,0.83565188172043,0.8522664835164836,0.8962962962962963,0.016269445419311523
SVM,39,7,4,rppa,RPPA,1,0.6617271505376344,0.653865341008198,0.7703703703703704,0.023327350616455078
SVM,39,7,4,mutations+cnv,Mutations+CNV,2,0.7813508064516129,0.6608234134298971,0.6814814814814815,0.03384590148925781
SVM,39,7,4,mutations+mrna,Mutations+mRNA,2,0.83565188172043,0.8522664835164836,0.8962962962962963,0.022187232971191406
SVM,39,7,4,mutations+rppa,Mutations+RPPA,2,0.6450604838709678,0.6396283675242935,0.762962962962963,0.030434846878051758
SVM,39,7,4,cnv+mrna,CNV+mRNA,2,0.8604502688172044,0.8584708177198296,0.8518518518518519,0.028208017349243164
SVM,39,7,4,cnv+rppa,CNV+RPPA,2,0.7865591397849462,0.6693581780538302,0.6814814814814815,0.03417849540710449
SVM,39,7,4,mrna+rppa,mRNA+RPPA,2,0.83565188172043,0.8522664835164836,0.8962962962962963,0.022783279418945312
SVM,39,7,4,mutations+cnv+mrna,Mutations+CNV+mRNA,3,0.8604502688172044,0.8584708177198296,0.8518518518518519,0.03261566162109375
SVM,39,7,4,mutations+cnv+rppa,Mutations+CNV+RPPA,3,0.7980174731182795,0.6830996635513127,0.6962962962962963,0.03860831260681152
SVM,39,7,4,mutations+mrna+rppa,Mutations+mRNA+RPPA,3,0.83565188172043,0.8522664835164836,0.8962962962962963,0.025191545486450195
SVM,39,7,4,cnv+mrna+rppa,CNV+mRNA+RPPA,3,0.8104502688172044,0.8213746054373281,0.8444444444444444,0.032685279846191406
SVM,39,7,4,mutations+cnv+mrna+rppa,Mutations+CNV+mRNA+RPPA,4,0.8135752688172044,0.8423148007877594,0.8518518518518519,0.03640341758728027
RF,40,8,0,EMPTY,Baseline,0,0.2,0.1293532338308458,0.47794117647058826,0.0
RF,40,8,0,mutations,Mutations,1,0.3574150393785737,0.3040851803563668,0.5882352941176471,2.2474663257598877
RF,40,8,0,cnv,CNV,1,0.39798468011651744,0.4185464900886907,0.5808823529411765,3.2632718086242676
RF,40,8,0,mrna,mRNA,1,0.5947178767936131,0.6107860355536517,0.8014705882352942,2.9770679473876953
RF,40,8,0,rppa,RPPA,1,0.5396871291401446,0.5671260997067449,0.7426470588235294,2.216059446334839
RF,40,8,0,mutations+cnv,Mutations+CNV,2,0.37784011220196356,0.3562656955661144,0.6102941176470589,2.656296730041504
RF,40,8,0,mutations+mrna,Mutations+mRNA,2,0.6025202287193873,0.6181103734295224,0.8014705882352942,2.6249337196350098
RF,40,8,0,mutations+rppa,Mutations+RPPA,2,0.5094357535872263,0.5265292440086056,0.7132352941176471,3.9441020488739014
RF,40,8,0,cnv+mrna,CNV+mRNA,2,0.6117509979501564,0.6281137624714226,0.7941176470588235,3.2649991512298584
RF,40,8,0,cnv+rppa,CNV+RPPA,2,0.5209278239292264,0.5440147073322084,0.7058823529411765,2.592423915863037
RF,40,8,0,mrna+rppa,mRNA+RPPA,2,0.6397410723918437,0.660760516079665,0.8235294117647058,2.5687639713287354
RF,40,8,0,mutations+cnv+mrna,Mutations+CNV+mRNA,3,0.5960686158161614,0.6102672361746204,0.7941176470588235,2.926856279373169
RF,40,8,0,mutations+cnv+rppa,Mutations+CNV+RPPA,3,0.5475498975078218,0.5631997632530313,0.7426470588235294,4.883215665817261
RF,40,8,0,mutations+mrna+rppa,Mutations+mRNA+RPPA,3,0.6080785413744741,0.6258042342662403,0.8014705882352942,2.9137675762176514
RF,40,8,0,cnv+mrna+rppa,CNV+mRNA+RPPA,3,0.587670730391628,0.6104696490164829,0.7794117647058824,2.8434712886810303
RF,40,8,0,mutations+cnv+mrna+rppa,Mutations+CNV+mRNA+RPPA,4,0.6173093106052433,0.6259415255463888,0.7941176470588235,3.1729183197021484
XGB,40,8,0,EMPTY,Baseline,0,0.2,0.1293532338308458,0.47794117647058826,0.0
XGB,40,8,0,mutations,Mutations,1,0.36399719495091165,0.3655218855218855,0.5294117647058824,9.874809503555298
XGB,40,8,0,cnv,CNV,1,0.4685165605782716,0.4592221534143581,0.5808823529411765,9.723006963729858
XGB,40,8,0,mrna,mRNA,1,0.6137749487539109,0.6160256610046231,0.8014705882352942,4.7679853439331055
XGB,40,8,0,rppa,RPPA,1,0.6021793073686482,0.612394584139265,0.7794117647058824,8.9626944065094
XGB,40,8,0,mutations+cnv,Mutations+CNV,2,0.4889847880030208,0.49118542106608204,0.6323529411764706,15.840322494506836
XGB,40,8,0,mutations+mrna,Mutations+mRNA,2,0.6104002589276081,0.6144578440706654,0.8014705882352942,10.97270679473877
XGB,40,8,0,mutations+rppa,Mutations+RPPA,2,0.570814543100658,0.5780999000999001,0.75,14.43634819984436
XGB,40,8,0,cnv+mrna,CNV+mRNA,2,0.6260826410616032,0.6297293647083269,0.8014705882352942,11.051795482635498
XGB,40,8,0,cnv+rppa,CNV+RPPA,2,0.624313302405869,0.6244343891402716,0.7867647058823529,14.16721248626709
XGB,40,8,0,mrna+rppa,mRNA+RPPA,2,0.6417650231955984,0.648228416989998,0.8308823529411765,12.64779806137085
XGB,40,8,0,mutations+cnv+mrna,Mutations+CNV+mRNA,3,0.6409321393893623,0.644902400011231,0.8235294117647058,17.065513372421265
XGB,40,8,0,mutations+cnv+rppa,Mutations+CNV+RPPA,3,0.5749617002912936,0.5799800199800199,0.7573529411764706,22.251498222351074
XGB,40,8,0,mutations+mrna+rppa,Mutations+mRNA+RPPA,3,0.6571496385802137,0.6640442187665292,0.8382352941176471,17.91988444328308
XGB,40,8,0,cnv+mrna+rppa,CNV+mRNA+RPPA,3,0.6630057179846801,0.6620779801065032,0.8308823529411765,17.213825464248657
XGB,40,8,0,mutations+cnv+mrna+rppa,Mutations+CNV+mRNA+RPPA,4,0.6686244470816701,0.6650475535870415,0.8308823529411765,24.294341802597046
SVM,40,8,0,EMPTY,Baseline,0,0.2,0.1293532338308458,0.47794117647058826,0.0
SVM,40,8,0,mutations,Mutations,1,0.42061603193440505,0.3978195488721804,0.5735294117647058,0.03400373458862305
SVM,40,8,0,cnv,CNV,1,0.551647426906894,0.5007616926002183,0.5441176470588235,0.030799388885498047
SVM,40,8,0,mrna,mRNA,1,0.7253738267342756,0.7338318203535594,0.8382352941176471,0.016470670700073242
SVM,40,8,0,rppa,RPPA,1,0.630825331750998,0.6330838575999866,0.7647058823529411,0.023584365844726562
SVM,40,8,0,mutations+cnv,Mutations+CNV,2,0.5670320422915094,0.5148937970549033,0.5514705882352942,0.033519744873046875
SVM,40,8,0,mutations+mrna,Mutations+mRNA,2,0.7253738267342756,0.7338318203535594,0.8382352941176471,0.021960020065307617
SVM,40,8,0,mutations+rppa,Mutations+RPPA,2,0.6277484086740749,0.6216109417072343,0.7573529411764706,0.030219554901123047
SVM,40,8,0,cnv+mrna,CNV+mRNA,2,0.8164408242528859,0.792136752136752,0.7941176470588235,0.028165340423583984
SVM,40,8,0,cnv+rppa,CNV+RPPA,2,0.5883331535224944,0.5393085419253645,0.5808823529411765,0.03595304489135742
SVM,40,8,0,mrna+rppa,mRNA+RPPA,2,0.7284507498111987,0.7379273939911178,0.8455882352941176,0.022042036056518555
SVM,40,8,0,mutations+cnv+mrna,Mutations+CNV+mRNA,3,0.8164408242528859,0.792136752136752,0.7941176470588235,0.03168296813964844
SVM,40,8,0,mutations+cnv+rppa,Mutations+CNV+RPPA,3,0.5883331535224944,0.5393085419253645,0.5808823529411765,0.03795886039733887
SVM,40,8,0,mutations+mrna+rppa,Mutations+mRNA+RPPA,3,0.7284507498111987,0.7379273939911178,0.8455882352941176,0.02503347396850586
SVM,40,8,0,cnv+mrna+rppa,CNV+mRNA+RPPA,3,0.8099892113496601,0.7822653422653423,0.7867647058823529,0.03249382972717285
SVM,40,8,0,mutations+cnv+mrna+rppa,Mutations+CNV+mRNA+RPPA,4,0.8099892113496601,0.7822653422653423,0.7867647058823529,0.035280704498291016
RF,41,8,1,EMPTY,Baseline,0,0.2,0.1293532338308458,0.47794117647058826,0.0
RF,41,8,1,mutations,Mutations,1,0.3535052324954148,0.29473389355742297,0.5735294117647058,2.242185592651367
RF,41,8,1,cnv,CNV,1,0.5245463372532096,0.5756056630278796,0.6323529411764706,2.223963737487793
RF,41,8,1,mrna,mRNA,1,0.6243564570072284,0.641140384337538,0.8161764705882353,2.364102840423584
RF,41,8,1,rppa,RPPA,1,0.4856532527780775,0.5033192686357243,0.6911764705882353,3.6687326431274414
RF,41,8,1,mutations+cnv,Mutations+CNV,2,0.4383687560686158,0.43530595813204515,0.6397058823529411,2.757827043533325
RF,41,8,1,mutations+mrna,Mutations+mRNA,2,0.5226971625849607,0.5432483792356628,0.7205882352941176,2.5906405448913574
RF,41,8,1,mutations+rppa,Mutations+RPPA,2,0.4333455604703852,0.43253017335966637,0.6544117647058824,2.6386287212371826
RF,41,8,1,cnv+mrna,CNV+mRNA,2,0.6432290430467149,0.6894255787931101,0.7867647058823529,3.099856376647949
RF,41,8,1,cnv+rppa,CNV+RPPA,2,0.46246628546768803,0.480613139710267,0.6838235294117647,4.0212016105651855
RF,41,8,1,mrna+rppa,mRNA+RPPA,2,0.5865400798360125,0.6062855162855163,0.7794117647058824,2.487356424331665
RF,41,8,1,mutations+cnv+mrna,Mutations+CNV+mRNA,3,0.5288510087388067,0.5560583207642031,0.7352941176470589,2.919356107711792
RF,41,8,1,mutations+cnv+rppa,Mutations+CNV+RPPA,3,0.4339410939691445,0.4329919018790786,0.6691176470588235,2.904806137084961
RF,41,8,1,mutations+mrna+rppa,Mutations+mRNA+RPPA,3,0.5448311576221815,0.572801500606863,0.7573529411764706,4.6371753215789795
RF,41,8,1,cnv+mrna+rppa,CNV+mRNA+RPPA,3,0.6318146509871615,0.6885410590281462,0.7941176470588235,3.0346765518188477
RF,41,8,1,mutations+cnv+mrna+rppa,Mutations+CNV+mRNA+RPPA,4,0.51767396698673,0.5378857002698062,0.7352941176470589,3.118182420730591
XGB,41,8,1,EMPTY,Baseline,0,0.2,0.1293532338308458,0.47794117647058826,0.0
XGB,41,8,1,mutations,Mutations,1,0.4034620778940555,0.40423177117275877,0.5514705882352942,9.953545331954956
XGB,41,8,1,cnv,CNV,1,0.5481519041967851,0.5905033703707249,0.6323529411764706,6.396662473678589
XGB,41,8,1,mrna,mRNA,1,0.7728320207142086,0.8087878787878788,0.8529411764705882,8.088816404342651
XGB,41,8,1,rppa,RPPA,1,0.5969014996223972,0.5979776415434548,0.7426470588235294,5.6175315380096436
XGB,41,8,1,mutations+cnv,Mutations+CNV,2,0.6460750890063653,0.6574308300395257,0.7058823529411765,15.239917993545532
XGB,41,8,1,mutations+mrna,Mutations+mRNA,2,0.7663804078109828,0.8034753550543025,0.8455882352941176,12.711485862731934
XGB,41,8,1,mutations+rppa,Mutations+RPPA,2,0.5739518826194843,0.5895141825758486,0.7573529411764706,14.171931982040405
XGB,41,8,1,cnv+mrna,CNV+mRNA,2,0.8080429388283527,0.8163545150501672,0.8676470588235294,12.78376841545105
XGB,41,8,1,cnv+rppa,CNV+RPPA,2,0.6134167655626281,0.6265338040126904,0.7794117647058824,13.982509136199951
XGB,41,8,1,mrna+rppa,mRNA+RPPA,2,0.7784507498111987,0.8181213904326032,0.8529411764705882,12.589816570281982
XGB,41,8,1,mutations+cnv+mrna,Mutations+CNV+mRNA,3,0.7451397130219011,0.7644268774703556,0.8455882352941176,17.573168992996216
XGB,41,8,1,mutations+cnv+rppa,Mutations+CNV+RPPA,3,0.5529485381378789,0.5726960835691577,0.75,19.35294246673584
XGB,41,8,1,mutations+mrna+rppa,Mutations+mRNA+RPPA,3,0.7379792857913475,0.7728205762079869,0.8602941176470589,20.34166121482849
XGB,41,8,1,cnv+mrna+rppa,CNV+mRNA+RPPA,3,0.772594670406732,0.7943239937150027,0.8602941176470589,17.01438045501709
XGB,41,8,1,mutations+cnv+mrna+rppa,Mutations+CNV+mRNA+RPPA,4,0.7849023627144245,0.8191254156471548,0.8602941176470589,20.713796615600586
SVM,41,8,1,EMPTY,Baseline,0,0.2,0.1293532338308458,0.47794117647058826,0.0
SVM,41,8,1,mutations,Mutations,1,0.4116690042075737,0.3678440904247356,0.5735294117647058,0.028949737548828125
SVM,41,8,1,cnv,CNV,1,0.6451990505987701,0.5581890007377263,0.6102941176470589,0.023332595825195312
SVM,41,8,1,mrna,mRNA,1,0.8422472758657893,0.8198129967274428,0.8823529411764706,0.016165733337402344
SVM,41,8,1,rppa,RPPA,1,0.6287981443521415,0.6133019749736167,0.6985294117647058,0.021082401275634766
SVM,41,8,1,mutations+cnv,Mutations+CNV,2,0.6482759736756931,0.5629666119321292,0.6176470588235294,0.03273797035217285
SVM,41,8,1,mutations+mrna,Mutations+mRNA,2,0.8422472758657893,0.8198129967274428,0.8823529411764706,0.0229184627532959
SVM,41,8,1,mutations+rppa,Mutations+RPPA,2,0.650336605890603,0.6424100127514761,0.7205882352941176,0.029367685317993164
SVM,41,8,1,cnv+mrna,CNV+mRNA,2,0.8004606753695113,0.7540316205533597,0.8014705882352942,0.027546167373657227
SVM,41,8,1,cnv+rppa,CNV+RPPA,2,0.6513528967526162,0.5736370883851332,0.625,0.03237128257751465
SVM,41,8,1,mrna+rppa,mRNA+RPPA,2,0.8637857374042508,0.8410301775519166,0.9044117647058824,0.024470090866088867
SVM,41,8,1,mutations+cnv+mrna,Mutations+CNV+mRNA,3,0.8004606753695113,0.7540316205533597,0.8014705882352942,0.044577836990356445
SVM,41,8,1,mutations+cnv+rppa,Mutations+CNV+RPPA,3,0.6544298198295393,0.5793107940850759,0.6323529411764706,0.037175655364990234
SVM,41,8,1,mutations+mrna+rppa,Mutations+mRNA+RPPA,3,0.8637857374042508,0.851740263485883,0.9044117647058824,0.025722980499267578
SVM,41,8,1,cnv+mrna+rppa,CNV+mRNA+RPPA,3,0.8004606753695113,0.7540316205533597,0.8014705882352942,0.03083324432373047
SVM,41,8,1,mutations+cnv+mrna+rppa,Mutations+CNV+mRNA+RPPA,4,0.8004606753695113,0.7540316205533597,0.8014705882352942,0.0541534423828125
RF,42,8,2,EMPTY,Baseline,0,0.2,0.12864321608040202,0.4740740740740741,0.0
RF,42,8,2,mutations,Mutations,1,0.3610215053763441,0.30212440191387563,0.5851851851851851,3.743628740310669
RF,42,8,2,cnv,CNV,1,0.4561414392059554,0.47383191850594225,0.6296296296296297,2.4793879985809326
RF,42,8,2,mrna,mRNA,1,0.6489402398676593,0.6438987476685318,0.8296296296296296,2.0833323001861572
RF,42,8,2,rppa,RPPA,1,0.6318315756823821,0.6208155537615807,0.7925925925925926,2.156049966812134
RF,42,8,2,mutations+cnv,Mutations+CNV,2,0.428776364764268,0.4333069997508986,0.6148148148148148,2.5173535346984863
RF,42,8,2,mutations+mrna,Mutations+mRNA,2,0.5939671215880893,0.5983802816901409,0.7555555555555555,3.80828595161438
RF,42,8,2,mutations+rppa,Mutations+RPPA,2,0.529903329197684,0.530450658864621,0.7111111111111111,3.354330539703369
RF,42,8,2,cnv+mrna,CNV+mRNA,2,0.7068755169561621,0.7498499637008954,0.8296296296296296,2.5790019035339355
RF,42,8,2,cnv+rppa,CNV+RPPA,2,0.6311078370554177,0.6846837543794948,0.7555555555555555,2.5763213634490967
RF,42,8,2,mrna+rppa,mRNA+RPPA,2,0.6516232423490489,0.6489695628112895,0.8148148148148148,2.5003881454467773
RF,42,8,2,mutations+cnv+mrna,Mutations+CNV+mRNA,3,0.6612773986765923,0.7106323344175007,0.7777777777777778,4.8907692432403564
RF,42,8,2,mutations+cnv+rppa,Mutations+CNV+RPPA,3,0.516602047146402,0.5199017481512451,0.6962962962962963,2.8776450157165527
RF,42,8,2,mutations+mrna+rppa,Mutations+mRNA+RPPA,3,0.6181270678246485,0.6172689764963407,0.7925925925925926,2.9024744033813477
RF,42,8,2,cnv+mrna+rppa,CNV+mRNA+RPPA,3,0.733472911497105,0.7678710178710179,0.837037037037037,2.85731840133667
RF,42,8,2,mutations+cnv+mrna+rppa,Mutations+CNV+mRNA+RPPA,4,0.6426902398676593,0.6426070871334588,0.8148148148148148,5.0706775188446045
XGB,42,8,2,EMPTY,Baseline,0,0.2,0.12864321608040202,0.4740740740740741,0.0
XGB,42,8,2,mutations,Mutations,1,0.4001680107526882,0.4018954248366013,0.5407407407407407,6.901745796203613
XGB,42,8,2,cnv,CNV,1,0.6762975599669148,0.6432275828643294,0.6222222222222222,9.66306471824646
XGB,42,8,2,mrna,mRNA,1,0.8455024813895783,0.8514139576866725,0.8888888888888888,4.776844501495361
XGB,42,8,2,rppa,RPPA,1,0.6438559760132341,0.6313773196304252,0.7851851851851852,9.084463357925415
XGB,42,8,2,mutations+cnv,Mutations+CNV,2,0.5559062241521919,0.5669365845398358,0.6222222222222222,15.448719501495361
XGB,42,8,2,mutations+mrna,Mutations+mRNA,2,0.7596825889164599,0.7667167133769296,0.8518518518518519,13.012938499450684
XGB,42,8,2,mutations+rppa,Mutations+RPPA,2,0.6261864143920596,0.6086945054945054,0.7555555555555555,14.505382061004639
XGB,42,8,2,cnv+mrna,CNV+mRNA,2,0.8207428660049629,0.8012043010752687,0.8592592592592593,11.040889501571655
XGB,42,8,2,cnv+rppa,CNV+RPPA,2,0.776791253101737,0.7898734118249893,0.8,13.97876524925232
XGB,42,8,2,mrna+rppa,mRNA+RPPA,2,0.8071236559139784,0.8224114377237612,0.9037037037037037,11.289364337921143
XGB,42,8,2,mutations+cnv+mrna,Mutations+CNV+mRNA,3,0.8296758684863524,0.8074796874244503,0.8592592592592593,20.700106859207153
XGB,42,8,2,mutations+cnv+rppa,Mutations+CNV+RPPA,3,0.7967845326716294,0.7676175958188154,0.8148148148148148,19.40464735031128
XGB,42,8,2,mutations+mrna+rppa,Mutations+mRNA+RPPA,3,0.8008736559139784,0.8104173067076292,0.8888888888888888,17.0819833278656
XGB,42,8,2,cnv+mrna+rppa,CNV+mRNA+RPPA,3,0.8554823200992556,0.8403828604612578,0.8888888888888888,18.54591727256775
XGB,42,8,2,mutations+cnv+mrna+rppa,Mutations+CNV+mRNA+RPPA,4,0.839454094292804,0.8170759451321512,0.8666666666666667,22.767681121826172
SVM,42,8,2,EMPTY,Baseline,0,0.2,0.12864321608040202,0.4740740740740741,0.0
SVM,42,8,2,mutations,Mutations,1,0.4012846360628619,0.3497987853072808,0.5555555555555556,0.027756690979003906
SVM,42,8,2,cnv,CNV,1,0.7328784119106699,0.5798649825361792,0.6148148148148148,0.02428460121154785
SVM,42,8,2,mrna,mRNA,1,0.8075268817204302,0.7855050843819592,0.8888888888888888,0.016279935836791992
SVM,42,8,2,rppa,RPPA,1,0.6467845326716295,0.6192970786117316,0.7481481481481481,0.022203922271728516
SVM,42,8,2,mutations+cnv,Mutations+CNV,2,0.7328784119106699,0.5798649825361792,0.6148148148148148,0.03226661682128906
SVM,42,8,2,mutations+mrna,Mutations+mRNA,2,0.8075268817204302,0.7855050843819592,0.8888888888888888,0.021208763122558594
SVM,42,8,2,mutations+rppa,Mutations+RPPA,2,0.6594861455748553,0.6306626607085665,0.7703703703703704,0.027677536010742188
SVM,42,8,2,cnv+mrna,CNV+mRNA,2,0.9006772125723739,0.7847741668693793,0.8296296296296296,0.025607585906982422
SVM,42,8,2,cnv+rppa,CNV+RPPA,2,0.7391284119106699,0.5912271588061062,0.6296296296296297,0.030854463577270508
SVM,42,8,2,mrna+rppa,mRNA+RPPA,2,0.8075268817204302,0.7855050843819592,0.8888888888888888,0.020972490310668945
SVM,42,8,2,mutations+cnv+mrna,Mutations+CNV+mRNA,3,0.9038022125723739,0.7959564530516655,0.837037037037037,0.03138470649719238
SVM,42,8,2,mutations+cnv+rppa,Mutations+CNV+RPPA,3,0.7391284119106699,0.5904348554671135,0.6296296296296297,0.037198543548583984
SVM,42,8,2,mutations+mrna+rppa,Mutations+mRNA+RPPA,3,0.8075268817204302,0.7855050843819592,0.8888888888888888,0.024817228317260742
SVM,42,8,2,cnv+mrna+rppa,CNV+mRNA+RPPA,3,0.8340105459057072,0.7597417948481777,0.8222222222222222,0.031077861785888672
SVM,42,8,2,mutations+cnv+mrna+rppa,Mutations+CNV+mRNA+RPPA,4,0.8371355459057073,0.76910048925112,0.8296296296296296,0.03818511962890625
RF,43,8,3,EMPTY,Baseline,0,0.2,0.12864321608040202,0.4740740740740741,0.0
RF,43,8,3,mutations,Mutations,1,0.343125,0.2855294255294255,0.5703703703703704,2.200767755508423
RF,43,8,3,cnv,CNV,1,0.45174679487179487,0.48562343856461504,0.6518518518518519,2.4293785095214844
RF,43,8,3,mrna,mRNA,1,0.6505128205128206,0.6642431749732828,0.837037037037037,3.5829403400421143
RF,43,8,3,rppa,RPPA,1,0.5553365384615384,0.5644189724654561,0.7407407407407407,2.2633447647094727
RF,43,8,3,mutations+cnv,Mutations+CNV,2,0.4008333333333334,0.36695992179863146,0.6444444444444445,2.6262972354888916
RF,43,8,3,mutations+mrna,Mutations+mRNA,2,0.5866185897435898,0.5984821143768512,0.7777777777777778,2.6026625633239746
RF,43,8,3,mutations+rppa,Mutations+RPPA,2,0.4975480769230769,0.493859649122807,0.7037037037037037,2.823288917541504
RF,43,8,3,cnv+mrna,CNV+mRNA,2,0.5752564102564103,0.595442585370425,0.8,4.396853685379028
RF,43,8,3,cnv+rppa,CNV+RPPA,2,0.5599519230769231,0.5842738154894456,0.7555555555555555,2.53857159614563
RF,43,8,3,mrna+rppa,mRNA+RPPA,2,0.6377724358974359,0.6388840485186,0.8074074074074075,2.619616746902466
RF,43,8,3,mutations+cnv+mrna,Mutations+CNV+mRNA,3,0.5625160256410257,0.5806242496998799,0.7703703703703704,2.9547579288482666
RF,43,8,3,mutations+cnv+rppa,Mutations+CNV+RPPA,3,0.4580608974358974,0.44649033892936335,0.6888888888888889,4.394173860549927
RF,43,8,3,mutations+mrna+rppa,Mutations+mRNA+RPPA,3,0.6157211538461539,0.6288847117794486,0.7925925925925926,3.671112298965454
RF,43,8,3,cnv+mrna+rppa,CNV+mRNA+RPPA,3,0.6444391025641026,0.6522071904929048,0.8148148148148148,2.8865392208099365
RF,43,8,3,mutations+cnv+mrna+rppa,Mutations+CNV+mRNA+RPPA,4,0.5675160256410257,0.5876859975202289,0.7777777777777778,3.183192253112793
XGB,43,8,3,EMPTY,Baseline,0,0.2,0.12864321608040202,0.4740740740740741,0.0
XGB,43,8,3,mutations,Mutations,1,0.30229166666666674,0.28043385186242326,0.5185185185185185,10.0429105758667
XGB,43,8,3,cnv,CNV,1,0.5096314102564102,0.5315274620660178,0.6444444444444445,8.952578067779541
XGB,43,8,3,mrna,mRNA,1,0.7336057692307693,0.7428808034071193,0.8518518518518519,5.553300380706787
XGB,43,8,3,rppa,RPPA,1,0.6096794871794872,0.6160947489780945,0.7777777777777778,6.171614408493042
XGB,43,8,3,mutations+cnv,Mutations+CNV,2,0.5069230769230769,0.5175002028057121,0.6962962962962963,18.533340215682983
XGB,43,8,3,mutations+mrna,Mutations+mRNA,2,0.6796794871794872,0.6726832465779834,0.8518518518518519,9.848982095718384
XGB,43,8,3,mutations+rppa,Mutations+RPPA,2,0.5759615384615385,0.5676134934248143,0.7481481481481481,14.331891298294067
XGB,43,8,3,cnv+mrna,CNV+mRNA,2,0.7213461538461539,0.7421752657505833,0.8518518518518519,12.926520347595215
XGB,43,8,3,cnv+rppa,CNV+RPPA,2,0.5932532051282051,0.6019878419452886,0.7555555555555555,14.368336915969849
XGB,43,8,3,mrna+rppa,mRNA+RPPA,2,0.7569070512820513,0.7793915343915343,0.8740740740740741,13.15280818939209
XGB,43,8,3,mutations+cnv+mrna,Mutations+CNV+mRNA,3,0.7230128205128205,0.7542280007053882,0.8518518518518519,17.94866704940796
XGB,43,8,3,mutations+cnv+rppa,Mutations+CNV+RPPA,3,0.5805769230769231,0.5964764049707215,0.762962962962963,22.707990646362305
XGB,43,8,3,mutations+mrna+rppa,Mutations+mRNA+RPPA,3,0.7215224358974359,0.7472817932463397,0.8444444444444444,17.582313537597656
XGB,43,8,3,cnv+mrna+rppa,CNV+mRNA+RPPA,3,0.7398557692307692,0.7584631786124324,0.8666666666666667,17.343985080718994
XGB,43,8,3,mutations+cnv+mrna+rppa,Mutations+CNV+mRNA+RPPA,4,0.763573717948718,0.7876224320574001,0.8814814814814815,24.68505835533142
SVM,43,8,3,EMPTY,Baseline,0,0.2,0.12864321608040202,0.4740740740740741,0.0
SVM,43,8,3,mutations,Mutations,1,0.3368108974358974,0.31547067511422144,0.4888888888888889,0.03334450721740723
SVM,43,8,3,cnv,CNV,1,0.6451923076923076,0.5333066729397006,0.5703703703703704,0.0240170955657959
SVM,43,8,3,mrna,mRNA,1,0.8364583333333334,0.8461016700983757,0.8888888888888888,0.0168912410736084
SVM,43,8,3,rppa,RPPA,1,0.7181570512820513,0.7181913116123642,0.8074074074074075,0.02209758758544922
SVM,43,8,3,mutations+cnv,Mutations+CNV,2,0.6518589743589743,0.541672381305409,0.5777777777777777,0.03396201133728027
SVM,43,8,3,mutations+mrna,Mutations+mRNA,2,0.8364583333333334,0.8461016700983757,0.8888888888888888,0.023229360580444336
SVM,43,8,3,mutations+rppa,Mutations+RPPA,2,0.7212820512820513,0.7244301229263634,0.8148148148148148,0.030633211135864258
SVM,43,8,3,cnv+mrna,CNV+mRNA,2,0.8050320512820512,0.8056525149524463,0.8518518518518519,0.029827117919921875
SVM,43,8,3,cnv+rppa,CNV+RPPA,2,0.6345673076923077,0.5618278602489128,0.6148148148148148,0.03748965263366699
SVM,43,8,3,mrna+rppa,mRNA+RPPA,2,0.8364583333333334,0.8461016700983757,0.8888888888888888,0.02490973472595215
SVM,43,8,3,mutations+cnv+mrna,Mutations+CNV+mRNA,3,0.8050320512820512,0.8056525149524463,0.8518518518518519,0.034258365631103516
SVM,43,8,3,mutations+cnv+rppa,Mutations+CNV+RPPA,3,0.6376923076923078,0.565750805152979,0.6222222222222222,0.04025769233703613
SVM,43,8,3,mutations+mrna+rppa,Mutations+mRNA+RPPA,3,0.8364583333333334,0.8461016700983757,0.8888888888888888,0.02697300910949707
SVM,43,8,3,cnv+mrna+rppa,CNV+mRNA+RPPA,3,0.8050320512820512,0.8056525149524463,0.8518518518518519,0.033653974533081055
SVM,43,8,3,mutations+cnv+mrna+rppa,Mutations+CNV+mRNA+RPPA,4,0.8050320512820512,0.8056525149524463,0.8518518518518519,0.04195284843444824
RF,44,8,4,EMPTY,Baseline,0,0.2,0.12864321608040202,0.4740740740740741,0.0
RF,44,8,4,mutations,Mutations,1,0.354133064516129,0.32384839422955164,0.5777777777777777,2.1772282123565674
RF,44,8,4,cnv,CNV,1,0.4084677419354839,0.4297335140018067,0.6444444444444445,2.1734821796417236
RF,44,8,4,mrna,mRNA,1,0.5769825268817205,0.5975643879173291,0.7925925925925926,3.4693849086761475
RF,44,8,4,rppa,RPPA,1,0.5547043010752688,0.5706004006154383,0.7481481481481481,2.688580274581909
RF,44,8,4,mutations+cnv,Mutations+CNV,2,0.37620967741935485,0.3488822764697385,0.6222222222222222,3.00791597366333
RF,44,8,4,mutations+mrna,Mutations+mRNA,2,0.5482190860215054,0.5679685534591195,0.7851851851851852,2.6115164756774902
RF,44,8,4,mutations+rppa,Mutations+RPPA,2,0.4603494623655914,0.46152941176470585,0.6888888888888889,2.8277194499969482
RF,44,8,4,cnv+mrna,CNV+mRNA,2,0.5828293010752689,0.634421768707483,0.7555555555555555,4.32686710357666
RF,44,8,4,cnv+rppa,CNV+RPPA,2,0.5815860215053763,0.6333848417954379,0.7407407407407407,2.4967589378356934
RF,44,8,4,mrna+rppa,mRNA+RPPA,2,0.5738575268817205,0.5927176196919708,0.7851851851851852,2.5446386337280273
RF,44,8,4,mutations+cnv+mrna,Mutations+CNV+mRNA,3,0.5026209677419355,0.5138484848484849,0.7407407407407407,2.8113813400268555
RF,44,8,4,mutations+cnv+rppa,Mutations+CNV+RPPA,3,0.4693212365591398,0.47190688396570757,0.6814814814814815,3.7512664794921875
RF,44,8,4,mutations+mrna+rppa,Mutations+mRNA+RPPA,3,0.5355174731182796,0.5511384854241997,0.762962962962963,4.019103050231934
RF,44,8,4,cnv+mrna+rppa,CNV+mRNA+RPPA,3,0.5647177419354839,0.6077085245445696,0.7481481481481481,2.785907030105591
RF,44,8,4,mutations+cnv+mrna+rppa,Mutations+CNV+mRNA+RPPA,4,0.5192876344086022,0.5377581699346405,0.7481481481481481,3.096285581588745
XGB,44,8,4,EMPTY,Baseline,0,0.2,0.12864321608040202,0.4740740740740741,0.0
XGB,44,8,4,mutations,Mutations,1,0.35618279569892475,0.336,0.5555555555555556,9.956844329833984
XGB,44,8,4,cnv,CNV,1,0.4238911290322581,0.42332802006846276,0.6074074074074074,6.5137975215911865
XGB,44,8,4,mrna,mRNA,1,0.709005376344086,0.7564728986645719,0.8592592592592593,7.865718841552734
XGB,44,8,4,rppa,RPPA,1,0.5973790322580645,0.6138775510204082,0.7777777777777778,5.716519117355347
XGB,44,8,4,mutations+cnv,Mutations+CNV,2,0.4836693548387097,0.5075554270291113,0.6222222222222222,15.248704433441162
XGB,44,8,4,mutations+mrna,Mutations+mRNA,2,0.6765120967741935,0.7241558441558442,0.8222222222222222,12.715737342834473
XGB,44,8,4,mutations+rppa,Mutations+RPPA,2,0.6075940860215053,0.6515521562527007,0.762962962962963,14.33187985420227
XGB,44,8,4,cnv+mrna,CNV+mRNA,2,0.780880376344086,0.823942839458246,0.8518518518518519,12.89264988899231
XGB,44,8,4,cnv+rppa,CNV+RPPA,2,0.6511424731182796,0.7063791763791764,0.762962962962963,14.477049112319946
XGB,44,8,4,mrna+rppa,mRNA+RPPA,2,0.6992271505376344,0.7497329059156207,0.8518518518518519,12.724994659423828
XGB,44,8,4,mutations+cnv+mrna,Mutations+CNV+mRNA,3,0.7148521505376344,0.7709302912605549,0.8222222222222222,17.267674446105957
XGB,44,8,4,mutations+cnv+rppa,Mutations+CNV+RPPA,3,0.6461357526881721,0.692721136680919,0.762962962962963,22.798975229263306
XGB,44,8,4,mutations+mrna+rppa,Mutations+mRNA+RPPA,3,0.6794354838709677,0.7294864612511671,0.837037037037037,17.332860708236694
XGB,44,8,4,cnv+mrna+rppa,CNV+mRNA+RPPA,3,0.7211021505376344,0.7776891252955083,0.837037037037037,17.016974925994873
XGB,44,8,4,mutations+cnv+mrna+rppa,Mutations+CNV+mRNA+RPPA,4,0.7306787634408602,0.7869020882584712,0.8518518518518519,24.24605131149292
SVM,44,8,4,EMPTY,Baseline,0,0.2,0.12864321608040202,0.4740740740740741,0.0
SVM,44,8,4,mutations,Mutations,1,0.36663306451612904,0.3384615384615385,0.562962962962963,0.03164029121398926
SVM,44,8,4,cnv,CNV,1,0.6346774193548387,0.5390901567801418,0.5555555555555556,0.024877548217773438
SVM,44,8,4,mrna,mRNA,1,0.876478494623656,0.8529281672072478,0.8592592592592593,0.016475915908813477
SVM,44,8,4,rppa,RPPA,1,0.6271505376344086,0.6261399574492553,0.7481481481481481,0.02168893814086914
SVM,44,8,4,mutations+cnv,Mutations+CNV,2,0.6346774193548387,0.5390901567801418,0.5555555555555556,0.0354619026184082
SVM,44,8,4,mutations+mrna,Mutations+mRNA,2,0.876478494623656,0.8529281672072478,0.8592592592592593,0.0226743221282959
SVM,44,8,4,mutations+rppa,Mutations+RPPA,2,0.6123655913978494,0.6150942390942391,0.7333333333333333,0.030292034149169922
SVM,44,8,4,cnv+mrna,CNV+mRNA,2,0.85127688172043,0.8140442014126223,0.8074074074074075,0.028864622116088867
SVM,44,8,4,cnv+rppa,CNV+RPPA,2,0.6588373655913979,0.5704448147538006,0.5925925925925926,0.03365182876586914
SVM,44,8,4,mrna+rppa,mRNA+RPPA,2,0.879603494623656,0.8617346481971783,0.8666666666666667,0.022339582443237305
SVM,44,8,4,mutations+cnv+mrna,Mutations+CNV+mRNA,3,0.85127688172043,0.8140442014126223,0.8074074074074075,0.03194618225097656
SVM,44,8,4,mutations+cnv+rppa,Mutations+CNV+RPPA,3,0.6088373655913979,0.5458692453956225,0.5851851851851851,0.03828716278076172
SVM,44,8,4,mutations+mrna+rppa,Mutations+mRNA+RPPA,3,0.879603494623656,0.8617346481971783,0.8666666666666667,0.025376081466674805
SVM,44,8,4,cnv+mrna+rppa,CNV+mRNA+RPPA,3,0.85127688172043,0.8140442014126223,0.8074074074074075,0.031998395919799805
SVM,44,8,4,mutations+cnv+mrna+rppa,Mutations+CNV+mRNA+RPPA,4,0.85127688172043,0.8140442014126223,0.8074074074074075,0.03893399238586426
RF,45,9,0,EMPTY,Baseline,0,0.2,0.1293532338308458,0.47794117647058826,0.0
RF,45,9,0,mutations,Mutations,1,0.35380299924479447,0.299325769104814,0.5661764705882353,2.237109422683716
RF,45,9,0,cnv,CNV,1,0.4449077570395944,0.4841966526042959,0.6102941176470589,2.160454034805298
RF,45,9,0,mrna,mRNA,1,0.6382058474484842,0.6966475349521707,0.8014705882352942,2.2821147441864014
RF,45,9,0,rppa,RPPA,1,0.5447707411802785,0.572328143626052,0.7573529411764706,3.5720300674438477
RF,45,9,0,mutations+cnv,Mutations+CNV,2,0.3949940662423131,0.35724334641532096,0.6323529411764706,2.859455108642578
RF,45,9,0,mutations+mrna,Mutations+mRNA,2,0.5419743230121912,0.5548028673835125,0.7426470588235294,2.617751359939575
RF,45,9,0,mutations+rppa,Mutations+RPPA,2,0.4733887150717445,0.4636039886039886,0.6911764705882353,2.674961805343628
RF,45,9,0,cnv+mrna,CNV+mRNA,2,0.6337609235084691,0.6910862558679354,0.8014705882352942,3.0735745429992676
RF,45,9,0,cnv+rppa,CNV+RPPA,2,0.5321652821232064,0.5625123706702653,0.7352941176470589,4.063392400741577
RF,45,9,0,mrna+rppa,mRNA+RPPA,2,0.5728212320638688,0.5983340961098398,0.7867647058823529,2.5272297859191895
RF,45,9,0,mutations+cnv+mrna,Mutations+CNV+mRNA,3,0.5542820153198835,0.5665945165945165,0.7426470588235294,2.857442855834961
RF,45,9,0,mutations+cnv+rppa,Mutations+CNV+RPPA,3,0.47428201531988357,0.4647691493630789,0.6985294117647058,2.8607125282287598
RF,45,9,0,mutations+mrna+rppa,Mutations+mRNA+RPPA,3,0.5571215880893301,0.5709552042160737,0.7573529411764706,4.564725875854492
RF,45,9,0,cnv+mrna+rppa,CNV+mRNA+RPPA,3,0.6003894702772683,0.663340879079419,0.7647058823529411,3.1400434970855713
RF,45,9,0,mutations+cnv+mrna+rppa,Mutations+CNV+mRNA+RPPA,4,0.58848635235732,0.6081188417395944,0.7867647058823529,3.0990641117095947
XGB,45,9,0,EMPTY,Baseline,0,0.2,0.1293532338308458,0.47794117647058826,0.0
XGB,45,9,0,mutations,Mutations,1,0.3094918545689934,0.2829387755102041,0.5220588235294118,9.935028314590454
XGB,45,9,0,cnv,CNV,1,0.5661387420433703,0.5724449463579898,0.6323529411764706,6.304614067077637
XGB,45,9,0,mrna,mRNA,1,0.7018114143920595,0.7464337341488128,0.8382352941176471,7.997467756271362
XGB,45,9,0,rppa,RPPA,1,0.622052001294638,0.635548263604047,0.7867647058823529,5.638490438461304
XGB,45,9,0,mutations+cnv,Mutations+CNV,2,0.6204531233142734,0.6353896103896104,0.6764705882352942,15.281354904174805
XGB,45,9,0,mutations+mrna,Mutations+mRNA,2,0.717196029776675,0.7592341473593982,0.8455882352941176,12.728934288024902
XGB,45,9,0,mutations+rppa,Mutations+RPPA,2,0.6122256985651096,0.6289548692647674,0.7794117647058824,14.437899351119995
XGB,45,9,0,cnv+mrna,CNV+mRNA,2,0.7300992555831265,0.7695542046605877,0.8602941176470589,12.773512601852417
XGB,45,9,0,cnv+rppa,CNV+RPPA,2,0.7061322688531664,0.7436614726623978,0.7794117647058824,14.129594326019287
XGB,45,9,0,mrna+rppa,mRNA+RPPA,2,0.7479652605459057,0.7796428167042377,0.8602941176470589,12.65118145942688
XGB,45,9,0,mutations+cnv+mrna,Mutations+CNV+mRNA,3,0.717196029776675,0.7577999755824149,0.8455882352941176,17.427014350891113
XGB,45,9,0,mutations+cnv+rppa,Mutations+CNV+RPPA,3,0.6687377279102383,0.7035880077369441,0.7941176470588235,20.066844940185547
XGB,45,9,0,mutations+mrna+rppa,Mutations+mRNA+RPPA,3,0.7454838709677419,0.7801619470381141,0.8676470588235294,19.361931085586548
XGB,45,9,0,cnv+mrna+rppa,CNV+mRNA+RPPA,3,0.7415136476426799,0.7734694912519307,0.8529411764705882,17.332786321640015
XGB,45,9,0,mutations+cnv+mrna+rppa,Mutations+CNV+mRNA+RPPA,4,0.7267245657568238,0.768024284398273,0.8602941176470589,24.539488554000854
SVM,45,9,0,EMPTY,Baseline,0,0.2,0.1293532338308458,0.47794117647058826,0.0
SVM,45,9,0,mutations,Mutations,1,0.34675585284280935,0.2877012388533126,0.5441176470588235,0.0286409854888916
SVM,45,9,0,cnv,CNV,1,0.6771593483655195,0.593296095908374,0.625,0.023755550384521484
SVM,45,9,0,mrna,mRNA,1,0.7972100550221167,0.823508601905341,0.8602941176470589,0.016211509704589844
SVM,45,9,0,rppa,RPPA,1,0.7113399503722084,0.7003886490493634,0.7941176470588235,0.022168636322021484
SVM,45,9,0,mutations+cnv,Mutations+CNV,2,0.6771593483655195,0.593296095908374,0.625,0.033476829528808594
SVM,45,9,0,mutations+mrna,Mutations+mRNA,2,0.7907584421188909,0.8183049441290089,0.8529411764705882,0.022174358367919922
SVM,45,9,0,mutations+rppa,Mutations+RPPA,2,0.733771712158809,0.730239214603669,0.8235294117647058,0.030902385711669922
SVM,45,9,0,cnv+mrna,CNV+mRNA,2,0.8499892113496601,0.8468403865904722,0.8529411764705882,0.02780938148498535
SVM,45,9,0,cnv+rppa,CNV+RPPA,2,0.683015427769986,0.6043344924176568,0.6470588235294118,0.03544974327087402
SVM,45,9,0,mrna+rppa,mRNA+RPPA,2,0.7907584421188909,0.8183049441290089,0.8529411764705882,0.022278547286987305
SVM,45,9,0,mutations+cnv+mrna,Mutations+CNV+mRNA,3,0.8499892113496601,0.8468403865904722,0.8529411764705882,0.031272172927856445
SVM,45,9,0,mutations+cnv+rppa,Mutations+CNV+RPPA,3,0.691711079943899,0.6153145588628394,0.6544117647058824,0.0384373664855957
SVM,45,9,0,mutations+mrna+rppa,Mutations+mRNA+RPPA,3,0.7907584421188909,0.8183049441290089,0.8529411764705882,0.027376651763916016
SVM,45,9,0,cnv+mrna+rppa,CNV+mRNA+RPPA,3,0.8499892113496601,0.8468403865904722,0.8529411764705882,0.031029939651489258
SVM,45,9,0,mutations+cnv+mrna+rppa,Mutations+CNV+mRNA+RPPA,4,0.8499892113496601,0.8468403865904722,0.8529411764705882,0.03417468070983887
RF,46,9,1,EMPTY,Baseline,0,0.2,0.1293532338308458,0.47794117647058826,0.0
RF,46,9,1,mutations,Mutations,1,0.36865249757255364,0.30901354594638575,0.5882352941176471,2.2034528255462646
RF,46,9,1,cnv,CNV,1,0.3951451073470709,0.4204480296419003,0.5955882352941176,2.123741865158081
RF,46,9,1,mrna,mRNA,1,0.6916269284712483,0.7266493384849549,0.8088235294117647,2.161533832550049
RF,46,9,1,rppa,RPPA,1,0.5873125472003452,0.5895339289053846,0.7573529411764706,2.255666971206665
RF,46,9,1,mutations+cnv,Mutations+CNV,2,0.4387269392598986,0.4197123242889833,0.6617647058823529,4.494996070861816
RF,46,9,1,mutations+mrna,Mutations+mRNA,2,0.616713777106484,0.6299806114839672,0.7794117647058824,2.546260118484497
RF,46,9,1,mutations+rppa,Mutations+RPPA,2,0.4723357427985759,0.46288272290048094,0.6911764705882353,2.6090474128723145
RF,46,9,1,cnv+mrna,CNV+mRNA,2,0.6384259359154171,0.6881967821026272,0.7647058823529411,2.541510820388794
RF,46,9,1,cnv+rppa,CNV+RPPA,2,0.5413960513539757,0.5669233511586452,0.7279411764705882,3.1782138347625732
RF,46,9,1,mrna+rppa,mRNA+RPPA,2,0.6579048441040025,0.6669259259259259,0.8161764705882353,3.8530168533325195
RF,46,9,1,mutations+cnv+mrna,Mutations+CNV+mRNA,3,0.5834631567590894,0.6114297693920335,0.7720588235294118,2.8370614051818848
RF,46,9,1,mutations+cnv+rppa,Mutations+CNV+RPPA,3,0.5409213507390226,0.549737217276129,0.7426470588235294,2.871032953262329
RF,46,9,1,mutations+mrna+rppa,Mutations+mRNA+RPPA,3,0.6363059661236379,0.645174569722515,0.7941176470588235,2.838080644607544
RF,46,9,1,cnv+mrna+rppa,CNV+mRNA+RPPA,3,0.6732894594886181,0.6810506790629842,0.8235294117647058,4.862955570220947
RF,46,9,1,mutations+cnv+mrna+rppa,Mutations+CNV+mRNA+RPPA,4,0.6021620455281045,0.623578392621871,0.7794117647058824,3.0909576416015625
XGB,46,9,1,EMPTY,Baseline,0,0.2,0.1293532338308458,0.47794117647058826,0.0
XGB,46,9,1,mutations,Mutations,1,0.31175315568022444,0.29379241973613973,0.5220588235294118,6.6385815143585205
XGB,46,9,1,cnv,CNV,1,0.4910346315675909,0.48952380952380947,0.6397058823529411,9.537574529647827
XGB,46,9,1,mrna,mRNA,1,0.792942064947675,0.8177610693400167,0.8529411764705882,4.730184316635132
XGB,46,9,1,rppa,RPPA,1,0.6347178767936131,0.6208489842077627,0.7794117647058824,8.94594931602478
XGB,46,9,1,mutations+cnv,Mutations+CNV,2,0.5250717445247599,0.5381975867269986,0.6544117647058824,15.411576509475708
XGB,46,9,1,mutations+mrna,Mutations+mRNA,2,0.7705103031610745,0.7748086290524732,0.8235294117647058,13.235418796539307
XGB,46,9,1,mutations+rppa,Mutations+RPPA,2,0.6245938073147049,0.6168495387318186,0.7794117647058824,14.5741605758667
XGB,46,9,1,cnv+mrna,CNV+mRNA,2,0.7895673751213723,0.8141949075587519,0.8529411764705882,12.76535439491272
XGB,46,9,1,cnv+rppa,CNV+RPPA,2,0.7004002589276082,0.7283067013501795,0.8161764705882353,14.288755893707275
XGB,46,9,1,mrna+rppa,mRNA+RPPA,2,0.8119991369079729,0.8354571025943637,0.8823529411764706,12.705721139907837
XGB,46,9,1,mutations+cnv+mrna,Mutations+CNV+mRNA,3,0.7680289135829107,0.7935596494140348,0.8308823529411765,17.081130743026733
XGB,46,9,1,mutations+cnv+rppa,Mutations+CNV+RPPA,3,0.6687377279102383,0.7010790054886182,0.7941176470588235,19.58380150794983
XGB,46,9,1,mutations+mrna+rppa,Mutations+mRNA+RPPA,3,0.792942064947675,0.7992898287698255,0.8529411764705882,20.44206690788269
XGB,46,9,1,cnv+mrna+rppa,CNV+mRNA+RPPA,3,0.8024706009278241,0.8279488238567329,0.8676470588235294,17.23333978652954
XGB,46,9,1,mutations+cnv+mrna+rppa,Mutations+CNV+mRNA+RPPA,4,0.7993936778509008,0.8215207980425372,0.8602941176470589,20.716143369674683
SVM,46,9,1,EMPTY,Baseline,0,0.2,0.1293532338308458,0.47794117647058826,0.0
SVM,46,9,1,mutations,Mutations,1,0.4277095695328515,0.39216931216931217,0.5955882352941176,0.028663158416748047
SVM,46,9,1,cnv,CNV,1,0.6723530046391197,0.5588386200088328,0.6029411764705882,0.025548696517944336
SVM,46,9,1,mrna,mRNA,1,0.8147782932355163,0.7978361277074324,0.8676470588235294,0.016458749771118164
SVM,46,9,1,rppa,RPPA,1,0.6849023627144245,0.651306028863013,0.7867647058823529,0.021876096725463867
SVM,46,9,1,mutations+cnv,Mutations+CNV,2,0.6754299277160427,0.5681829635558445,0.6102941176470589,0.03276824951171875
SVM,46,9,1,mutations+mrna,Mutations+mRNA,2,0.8212299061387421,0.8034566422330606,0.875,0.021976470947265625
SVM,46,9,1,mutations+rppa,Mutations+RPPA,2,0.6818254396375014,0.6480037530141978,0.7794117647058824,0.029932022094726562
SVM,46,9,1,cnv+mrna,CNV+mRNA,2,0.8349023627144245,0.7965712877908,0.8382352941176471,0.028254985809326172
SVM,46,9,1,cnv+rppa,CNV+RPPA,2,0.6604671485597151,0.5874613139063267,0.6544117647058824,0.03223109245300293
SVM,46,9,1,mrna+rppa,mRNA+RPPA,2,0.8212299061387421,0.8034566422330606,0.875,0.022083282470703125
SVM,46,9,1,mutations+cnv+mrna,Mutations+CNV+mRNA,3,0.8349023627144245,0.7965712877908,0.8382352941176471,0.0320277214050293
SVM,46,9,1,mutations+cnv+rppa,Mutations+CNV+RPPA,3,0.6604671485597151,0.5874613139063267,0.6544117647058824,0.03687453269958496
SVM,46,9,1,mutations+mrna+rppa,Mutations+mRNA+RPPA,3,0.8212299061387421,0.8034566422330606,0.875,0.02491307258605957
SVM,46,9,1,cnv+mrna+rppa,CNV+mRNA+RPPA,3,0.8382770525407273,0.7889140288326176,0.8382352941176471,0.03677940368652344
SVM,46,9,1,mutations+cnv+mrna+rppa,Mutations+CNV+mRNA+RPPA,4,0.8382770525407273,0.7889140288326176,0.8382352941176471,0.04178881645202637
RF,47,9,2,EMPTY,Baseline,0,0.2,0.12864321608040202,0.4740740740740741,0.0
RF,47,9,2,mutations,Mutations,1,0.3283266129032258,0.27070847851335655,0.5481481481481482,3.5384559631347656
RF,47,9,2,cnv,CNV,1,0.4500956368899917,0.4593606225646839,0.6074074074074074,2.6953587532043457
RF,47,9,2,mrna,mRNA,1,0.6252222911497105,0.6416691314206842,0.8148148148148148,2.159520387649536
RF,47,9,2,rppa,RPPA,1,0.5365513854425145,0.5527138391588521,0.725925925925926,2.197859525680542
RF,47,9,2,mutations+cnv,Mutations+CNV,2,0.43305934656741113,0.40603543743078624,0.5851851851851851,2.5655086040496826
RF,47,9,2,mutations+mrna,Mutations+mRNA,2,0.5380789909015715,0.5455970695970696,0.7481481481481481,3.7578508853912354
RF,47,9,2,mutations+rppa,Mutations+RPPA,2,0.5001705955334987,0.4959170966020281,0.6888888888888889,3.4722278118133545
RF,47,9,2,cnv+mrna,CNV+mRNA,2,0.6207738833746899,0.6763315852656853,0.7777777777777778,2.5541324615478516
RF,47,9,2,cnv+rppa,CNV+RPPA,2,0.624656224152192,0.6749870363564938,0.7481481481481481,2.5688669681549072
RF,47,9,2,mrna+rppa,mRNA+RPPA,2,0.5898831679073615,0.6060374834865453,0.7925925925925926,2.513813018798828
RF,47,9,2,mutations+cnv+mrna,Mutations+CNV+mRNA,3,0.6109956575682383,0.6602342342342342,0.7703703703703704,4.8555662631988525
RF,47,9,2,mutations+cnv+rppa,Mutations+CNV+RPPA,3,0.5651571546732838,0.6039507555754696,0.6888888888888889,2.839478015899658
RF,47,9,2,mutations+mrna+rppa,Mutations+mRNA+RPPA,3,0.5719732216708023,0.5835485893416928,0.7703703703703704,2.8702611923217773
RF,47,9,2,cnv+mrna+rppa,CNV+mRNA+RPPA,3,0.6494546112489662,0.6950976495629915,0.7777777777777778,2.750002384185791
RF,47,9,2,mutations+cnv+mrna+rppa,Mutations+CNV+mRNA+RPPA,4,0.6598764474772539,0.7099190362299583,0.8,4.682961940765381
XGB,47,9,2,EMPTY,Baseline,0,0.2,0.12864321608040202,0.4740740740740741,0.0
XGB,47,9,2,mutations,Mutations,1,0.3961641852770885,0.36701407270750336,0.6,7.23086142539978
XGB,47,9,2,cnv,CNV,1,0.5099539909015716,0.5079882677708765,0.5925925925925926,9.73749566078186
XGB,47,9,2,mrna,mRNA,1,0.6782749172870141,0.6737224680081824,0.8518518518518519,4.843750715255737
XGB,47,9,2,rppa,RPPA,1,0.5646427832919769,0.5636789297658863,0.7407407407407407,9.052915573120117
XGB,47,9,2,mutations+cnv,Mutations+CNV,2,0.46900330851943756,0.459079637885608,0.5851851851851851,15.625538110733032
XGB,47,9,2,mutations+mrna,Mutations+mRNA,2,0.649987076095947,0.6460331308808434,0.8296296296296296,13.009626626968384
XGB,47,9,2,mutations+rppa,Mutations+RPPA,2,0.6019075682382133,0.6035973825454011,0.7851851851851852,14.41437816619873
XGB,47,9,2,cnv+mrna,CNV+mRNA,2,0.7358069685690654,0.7528621553884711,0.8666666666666667,9.58348298072815
XGB,47,9,2,cnv+rppa,CNV+RPPA,2,0.6479373449131514,0.6706205385342077,0.762962962962963,14.051071643829346
XGB,47,9,2,mrna+rppa,mRNA+RPPA,2,0.666614971050455,0.6589852408799777,0.8444444444444444,12.629693508148193
XGB,47,9,2,mutations+cnv+mrna,Mutations+CNV+mRNA,3,0.6979425144747726,0.7049511799292308,0.8296296296296296,20.1419038772583
XGB,47,9,2,mutations+cnv+rppa,Mutations+CNV+RPPA,3,0.6660489040529363,0.6815932483332326,0.7777777777777778,19.580775499343872
XGB,47,9,2,mutations+mrna+rppa,Mutations+mRNA+RPPA,3,0.6626886889991729,0.659574941410321,0.8518518518518519,17.270457983016968
XGB,47,9,2,cnv+mrna+rppa,CNV+mRNA+RPPA,3,0.72350341191067,0.7373902515395053,0.8444444444444444,16.957045793533325
XGB,47,9,2,mutations+cnv+mrna+rppa,Mutations+CNV+mRNA+RPPA,4,0.7166537427626137,0.7198467023172906,0.837037037037037,24.218050479888916
SVM,47,9,2,EMPTY,Baseline,0,0.2,0.12864321608040202,0.4740740740740741,0.0
SVM,47,9,2,mutations,Mutations,1,0.37612179487179487,0.3223162646353505,0.5407407407407407,0.030241012573242188
SVM,47,9,2,cnv,CNV,1,0.6011450578990901,0.528069784069784,0.5851851851851851,0.02478790283203125
SVM,47,9,2,mrna,mRNA,1,0.8402993176178661,0.82217868338558,0.8740740740740741,0.01758575439453125
SVM,47,9,2,rppa,RPPA,1,0.6239066377171216,0.6229119054930008,0.7555555555555555,0.026981115341186523
SVM,47,9,2,mutations+cnv,Mutations+CNV,2,0.6011450578990901,0.528069784069784,0.5851851851851851,0.031111955642700195
SVM,47,9,2,mutations+mrna,Mutations+mRNA,2,0.8402993176178661,0.82217868338558,0.8740740740740741,0.02116084098815918
SVM,47,9,2,mutations+rppa,Mutations+RPPA,2,0.6116470223325063,0.6093964978111319,0.7555555555555555,0.028790950775146484
SVM,47,9,2,cnv+mrna,CNV+mRNA,2,0.8306839330024814,0.7967204536163102,0.8222222222222222,0.02677750587463379
SVM,47,9,2,cnv+rppa,CNV+RPPA,2,0.6375646195202647,0.5798787878787879,0.6222222222222222,0.03104543685913086
SVM,47,9,2,mrna+rppa,mRNA+RPPA,2,0.8434243176178662,0.82938577815627,0.8814814814814815,0.021573543548583984
SVM,47,9,2,mutations+cnv+mrna,Mutations+CNV+mRNA,3,0.8306839330024814,0.7967204536163102,0.8222222222222222,0.031153440475463867
SVM,47,9,2,mutations+cnv+rppa,Mutations+CNV+RPPA,3,0.6375646195202647,0.5798787878787879,0.6222222222222222,0.04425954818725586
SVM,47,9,2,mutations+mrna+rppa,Mutations+mRNA+RPPA,3,0.8434243176178662,0.82938577815627,0.8814814814814815,0.030590534210205078
SVM,47,9,2,cnv+mrna+rppa,CNV+mRNA+RPPA,3,0.8306839330024814,0.7967204536163102,0.8222222222222222,0.031281471252441406
SVM,47,9,2,mutations+cnv+mrna+rppa,Mutations+CNV+mRNA+RPPA,4,0.8306839330024814,0.7967204536163102,0.8222222222222222,0.038178205490112305
RF,48,9,3,EMPTY,Baseline,0,0.2,0.12864321608040202,0.4740740740740741,0.0
RF,48,9,3,mutations,Mutations,1,0.354375,0.3098324481696829,0.5925925925925926,2.261641502380371
RF,48,9,3,cnv,CNV,1,0.37966346153846153,0.4008111924014889,0.5925925925925926,2.263554334640503
RF,48,9,3,mrna,mRNA,1,0.6368269230769231,0.6449059486573361,0.8296296296296296,3.5611493587493896
RF,48,9,3,rppa,RPPA,1,0.5017147435897436,0.5186666666666667,0.6962962962962963,2.418203115463257
RF,48,9,3,mutations+cnv,Mutations+CNV,2,0.40395833333333336,0.3789434245035594,0.6518518518518519,2.613508701324463
RF,48,9,3,mutations+mrna,Mutations+mRNA,2,0.6131089743589744,0.6283285342108872,0.8148148148148148,2.6047203540802
RF,48,9,3,mutations+rppa,Mutations+RPPA,2,0.4815705128205129,0.4918888888888889,0.7111111111111111,2.649778127670288
RF,48,9,3,cnv+mrna,CNV+mRNA,2,0.5742147435897436,0.5784532574656225,0.7851851851851852,4.33715558052063
RF,48,9,3,cnv+rppa,CNV+RPPA,2,0.4936538461538461,0.5078947368421053,0.7185185185185186,2.5721323490142822
RF,48,9,3,mrna+rppa,mRNA+RPPA,2,0.6018589743589743,0.6134807398136559,0.7925925925925926,2.525531768798828
RF,48,9,3,mutations+cnv+mrna,Mutations+CNV+mRNA,3,0.5843910256410256,0.5959981325863679,0.7925925925925926,2.791483163833618
RF,48,9,3,mutations+cnv+rppa,Mutations+CNV+RPPA,3,0.4793108974358974,0.4909494394875315,0.725925925925926,3.7105932235717773
RF,48,9,3,mutations+mrna+rppa,Mutations+mRNA+RPPA,3,0.6099839743589743,0.6267751355861494,0.8074074074074075,4.006012916564941
RF,48,9,3,cnv+mrna+rppa,CNV+mRNA+RPPA,3,0.5899839743589743,0.6021498342926914,0.7851851851851852,2.8053035736083984
RF,48,9,3,mutations+cnv+mrna+rppa,Mutations+CNV+mRNA+RPPA,4,0.5781410256410255,0.597737173121483,0.7777777777777778,3.100389242172241
XGB,48,9,3,EMPTY,Baseline,0,0.2,0.12864321608040202,0.4740740740740741,0.0
XGB,48,9,3,mutations,Mutations,1,0.3378846153846154,0.3378354978354978,0.5481481481481482,9.932120561599731
XGB,48,9,3,cnv,CNV,1,0.465849358974359,0.45864595330565605,0.6148148148148148,6.327825307846069
XGB,48,9,3,mrna,mRNA,1,0.7265865384615384,0.736,0.8518518518518519,8.286823272705078
XGB,48,9,3,rppa,RPPA,1,0.5703365384615384,0.5654631798074421,0.6962962962962963,5.70451021194458
XGB,48,9,3,mutations+cnv,Mutations+CNV,2,0.45508012820512816,0.4685236965154256,0.6518518518518519,15.32211709022522
XGB,48,9,3,mutations+mrna,Mutations+mRNA,2,0.7290544871794872,0.7302659156852706,0.837037037037037,12.807011842727661
XGB,48,9,3,mutations+rppa,Mutations+RPPA,2,0.5608173076923076,0.5627239552157588,0.7111111111111111,14.218007564544678
XGB,48,9,3,cnv+mrna,CNV+mRNA,2,0.6999198717948718,0.7214393741851368,0.8222222222222222,12.818479537963867
XGB,48,9,3,cnv+rppa,CNV+RPPA,2,0.6470352564102564,0.6616985733331511,0.762962962962963,14.086171865463257
XGB,48,9,3,mrna+rppa,mRNA+RPPA,2,0.6636698717948718,0.6538754771038235,0.8222222222222222,12.56220293045044
XGB,48,9,3,mutations+cnv+mrna,Mutations+CNV+mRNA,3,0.6432532051282052,0.6375408320493066,0.8074074074074075,17.42913031578064
XGB,48,9,3,mutations+cnv+rppa,Mutations+CNV+RPPA,3,0.634775641025641,0.6568040654997177,0.762962962962963,22.82283902168274
XGB,48,9,3,mutations+mrna+rppa,Mutations+mRNA+RPPA,3,0.6678685897435898,0.6595233784531114,0.8444444444444444,17.01369285583496
XGB,48,9,3,cnv+mrna+rppa,CNV+mRNA+RPPA,3,0.7014102564102564,0.7261555181856448,0.8296296296296296,16.98734474182129
XGB,48,9,3,mutations+cnv+mrna+rppa,Mutations+CNV+mRNA+RPPA,4,0.7080769230769232,0.7364478828258355,0.837037037037037,24.077718257904053
SVM,48,9,3,EMPTY,Baseline,0,0.2,0.12864321608040202,0.4740740740740741,0.0
SVM,48,9,3,mutations,Mutations,1,0.3369871794871795,0.33498447396318537,0.45185185185185184,0.02850651741027832
SVM,48,9,3,cnv,CNV,1,0.5454967948717948,0.45554813360595425,0.5111111111111111,0.0247957706451416
SVM,48,9,3,mrna,mRNA,1,0.8025961538461537,0.7931940298507463,0.8666666666666667,0.016506433486938477
SVM,48,9,3,rppa,RPPA,1,0.5626602564102564,0.5624089635854342,0.674074074074074,0.02210068702697754
SVM,48,9,3,mutations+cnv,Mutations+CNV,2,0.5454967948717948,0.45554813360595425,0.5111111111111111,0.03295183181762695
SVM,48,9,3,mutations+mrna,Mutations+mRNA,2,0.8025961538461537,0.7931940298507463,0.8666666666666667,0.022069692611694336
SVM,48,9,3,mutations+rppa,Mutations+RPPA,2,0.6280448717948718,0.6235294117647059,0.6888888888888889,0.029516220092773438
SVM,48,9,3,cnv+mrna,CNV+mRNA,2,0.7328365384615385,0.6927780842066557,0.7555555555555555,0.02834916114807129
SVM,48,9,3,cnv+rppa,CNV+RPPA,2,0.5250801282051282,0.46502726402758177,0.5407407407407407,0.03286910057067871
SVM,48,9,3,mrna+rppa,mRNA+RPPA,2,0.8025961538461537,0.7931940298507463,0.8666666666666667,0.023131608963012695
SVM,48,9,3,mutations+cnv+mrna,Mutations+CNV+mRNA,3,0.7328365384615385,0.6927780842066557,0.7555555555555555,0.031019926071166992
SVM,48,9,3,mutations+cnv+rppa,Mutations+CNV+RPPA,3,0.47820512820512817,0.44569003257841955,0.5407407407407407,0.03850746154785156
SVM,48,9,3,mutations+mrna+rppa,Mutations+mRNA+RPPA,3,0.8025961538461537,0.7931940298507463,0.8666666666666667,0.02575206756591797
SVM,48,9,3,cnv+mrna+rppa,CNV+mRNA+RPPA,3,0.7328365384615385,0.6923602815970722,0.7555555555555555,0.03178238868713379
SVM,48,9,3,mutations+cnv+mrna+rppa,Mutations+CNV+mRNA+RPPA,4,0.7328365384615385,0.6923602815970722,0.7555555555555555,0.040778398513793945
RF,49,9,4,EMPTY,Baseline,0,0.2,0.12864321608040202,0.4740740740740741,0.0
RF,49,9,4,mutations,Mutations,1,0.35829973118279573,0.32001594896331736,0.6,2.221116781234741
RF,49,9,4,cnv,CNV,1,0.4178427419354839,0.4321358380181909,0.6074074074074074,2.099524974822998
RF,49,9,4,mrna,mRNA,1,0.6051075268817205,0.616912366912367,0.8074074074074075,2.098228931427002
RF,49,9,4,rppa,RPPA,1,0.5043010752688173,0.5198061985093494,0.7333333333333333,2.3592095375061035
RF,49,9,4,mutations+cnv,Mutations+CNV,2,0.4199596774193548,0.4143064413926247,0.6296296296296297,4.373713254928589
RF,49,9,4,mutations+mrna,Mutations+mRNA,2,0.5840725806451613,0.5948967601141515,0.7777777777777778,2.6121277809143066
RF,49,9,4,mutations+rppa,Mutations+RPPA,2,0.4736895161290323,0.48243248814677386,0.6888888888888889,2.5540578365325928
RF,49,9,4,cnv+mrna,CNV+mRNA,2,0.7103158602150537,0.7601966873706003,0.8148148148148148,2.4719080924987793
RF,49,9,4,cnv+rppa,CNV+RPPA,2,0.5213709677419355,0.5405387701827689,0.725925925925926,3.2206366062164307
RF,49,9,4,mrna+rppa,mRNA+RPPA,2,0.600739247311828,0.6207286673058485,0.7925925925925926,3.881739616394043
RF,49,9,4,mutations+cnv+mrna,Mutations+CNV+mRNA,3,0.6192876344086022,0.6676060606060605,0.7703703703703704,2.9146616458892822
RF,49,9,4,mutations+cnv+rppa,Mutations+CNV+RPPA,3,0.4755712365591398,0.48494650812024265,0.6888888888888889,2.9019153118133545
RF,49,9,4,mutations+mrna+rppa,Mutations+mRNA+RPPA,3,0.5628360215053764,0.5790371978578666,0.762962962962963,2.8470711708068848
RF,49,9,4,cnv+mrna+rppa,CNV+mRNA+RPPA,3,0.650739247311828,0.7018532818532818,0.8,4.9369282722473145
RF,49,9,4,mutations+cnv+mrna+rppa,Mutations+CNV+mRNA+RPPA,4,0.576377688172043,0.5897943262411347,0.762962962962963,3.122791290283203
XGB,49,9,4,EMPTY,Baseline,0,0.2,0.12864321608040202,0.4740740740740741,0.0
XGB,49,9,4,mutations,Mutations,1,0.34243951612903223,0.33927781871775975,0.5481481481481482,7.089925527572632
XGB,49,9,4,cnv,CNV,1,0.5778225806451613,0.5853522294286388,0.6814814814814815,9.501259565353394
XGB,49,9,4,mrna,mRNA,1,0.8071236559139786,0.8372939560439561,0.8740740740740741,5.624032735824585
XGB,49,9,4,rppa,RPPA,1,0.5411290322580645,0.5437141759508259,0.7407407407407407,8.069033145904541
XGB,49,9,4,mutations+cnv,Mutations+CNV,2,0.5461693548387097,0.5578037904124862,0.674074074074074,15.466223955154419
XGB,49,9,4,mutations+mrna,Mutations+mRNA,2,0.6954637096774194,0.7320357217153556,0.8518518518518519,12.96626877784729
XGB,49,9,4,mutations+rppa,Mutations+RPPA,2,0.506149193548387,0.5064459869263427,0.725925925925926,14.432818174362183
XGB,49,9,4,cnv+mrna,CNV+mRNA,2,0.841095430107527,0.8632479098509632,0.8740740740740741,12.844616174697876
XGB,49,9,4,cnv+rppa,CNV+RPPA,2,0.6301075268817204,0.6416556964186622,0.7407407407407407,14.372637510299683
XGB,49,9,4,mrna+rppa,mRNA+RPPA,2,0.759005376344086,0.7963547021647346,0.8592592592592593,12.840229749679565
XGB,49,9,4,mutations+cnv+mrna,Mutations+CNV+mRNA,3,0.8211021505376344,0.8446416542318314,0.8666666666666667,17.447521924972534
XGB,49,9,4,mutations+cnv+rppa,Mutations+CNV+RPPA,3,0.6228158602150538,0.6331058100887711,0.7481481481481481,19.34908652305603
XGB,49,9,4,mutations+mrna+rppa,Mutations+mRNA+RPPA,3,0.7023521505376344,0.7373837169006738,0.8518518518518519,20.644804000854492
XGB,49,9,4,cnv+mrna+rppa,CNV+mRNA+RPPA,3,0.7979838709677419,0.830027142517656,0.8518518518518519,17.30057644844055
XGB,49,9,4,mutations+cnv+mrna+rppa,Mutations+CNV+mRNA+RPPA,4,0.7863239247311827,0.8147380278114911,0.8444444444444444,21.119441986083984
SVM,49,9,4,EMPTY,Baseline,0,0.2,0.12864321608040202,0.4740740740740741,0.0
SVM,49,9,4,mutations,Mutations,1,0.38746639784946235,0.360097906018848,0.5925925925925926,0.04241657257080078
SVM,49,9,4,cnv,CNV,1,0.6823924731182796,0.5626013986013987,0.6,0.0470576286315918
SVM,49,9,4,mrna,mRNA,1,0.83877688172043,0.8203915273132665,0.8814814814814815,0.028673887252807617
SVM,49,9,4,rppa,RPPA,1,0.6007056451612903,0.5856176757576637,0.7333333333333333,0.03719139099121094
SVM,49,9,4,mutations+cnv,Mutations+CNV,2,0.6823924731182796,0.5626013986013987,0.6,0.05046582221984863
SVM,49,9,4,mutations+mrna,Mutations+mRNA,2,0.83877688172043,0.8203915273132665,0.8814814814814815,0.03338336944580078
SVM,49,9,4,mutations+rppa,Mutations+RPPA,2,0.6038306451612903,0.5901954991731448,0.7407407407407407,0.043617963790893555
SVM,49,9,4,cnv+mrna,CNV+mRNA,2,0.812970430107527,0.7896613880298031,0.8074074074074075,0.041397809982299805
SVM,49,9,4,cnv+rppa,CNV+RPPA,2,0.7117607526881721,0.6001761730333159,0.6370370370370371,0.04716777801513672
SVM,49,9,4,mrna+rppa,mRNA+RPPA,2,0.83565188172043,0.8161450125377195,0.8740740740740741,0.03306770324707031
SVM,49,9,4,mutations+cnv+mrna,Mutations+CNV+mRNA,3,0.812970430107527,0.7896613880298031,0.8074074074074075,0.04627656936645508
SVM,49,9,4,mutations+cnv+rppa,Mutations+CNV+RPPA,3,0.7211357526881721,0.6215830546265328,0.6592592592592592,0.0519709587097168
SVM,49,9,4,mutations+mrna+rppa,Mutations+mRNA+RPPA,3,0.83565188172043,0.8161450125377195,0.8740740740740741,0.03664350509643555
SVM,49,9,4,cnv+mrna+rppa,CNV+mRNA+RPPA,3,0.8256720430107528,0.8028533995526379,0.8296296296296296,0.04589343070983887
SVM,49,9,4,mutations+cnv+mrna+rppa,Mutations+CNV+mRNA+RPPA,4,0.8256720430107528,0.8028533995526379,0.8296296296296296,0.052062273025512695
